CREATE TABLE IF NOT EXISTS `carshop_logs` (
	`id` int(11) NOT NULL AUTO_INCREMENT,
	`model` varchar(255) NOT NULL,
	`plate` varchar(255) NOT NULL,
	`price` int(11) NOT NULL,
	`financed` tinyint(1) NOT NULL,
	`tax` int(11) NOT NULL,
	`shop` varchar(255) NOT NULL,
	`buyer` varchar(50) NOT NULL DEFAULT '',
	`sellerId` varchar(50) NOT NULL DEFAULT '',
	`paidOff` int(1) DEFAULT 0,
	`date` timestamp NULL DEFAULT current_timestamp(),
	PRIMARY KEY (`id`),
	UNIQUE KEY `id` (`id`)
) ENGINE=InnoDB AUTO_INCREMENT=16 DEFAULT CHARSET=utf8mb4;

CREATE TABLE IF NOT EXISTS `carshop_stores` (
	`id` varchar(50) CHARACTER SET utf8mb4 NOT NULL,
	`name` varchar(50) CHARACTER SET utf8mb4 DEFAULT NULL,
	`subtitle` varchar(50) CHARACTER SET utf8mb4 DEFAULT NULL,
	`description` longtext CHARACTER SET utf8mb4 DEFAULT NULL,
	`commission` int(11) DEFAULT 0,
	`isCatalog` int(1) DEFAULT 0,
	`testDrive` int(1) DEFAULT 0,
	`showroom` int(1) unsigned DEFAULT 0,
	PRIMARY KEY (`id`) USING BTREE
) ENGINE=InnoDB DEFAULT CHARSET=latin1;

INSERT IGNORE INTO `carshop_stores` (`id`, `name`, `subtitle`, `description`, `commission`, `isCatalog`, `testDrive`, `showroom`) VALUES
	('ottos', 'Tunership Motors', NULL, NULL, 0, 0, 0, 1),
	('bikes', 'Bikes Shop', NULL, NULL, 0, 0, 0, 1),
	('pdm', 'PDM Name Test', 'Motorsports', 'This is a short description about dealership', 3, 0, 1, 1),
	('boat', 'Boat Shop', ' ', ' ', 0, 0, 0, 0),
	('truck', 'Truck Shop', ' ', ' ', 0, 0, 0, 0);


CREATE TABLE IF NOT EXISTS `carshop_vehicles` (
	`model` varchar(50) CHARACTER SET utf8mb4 NOT NULL,
	`class` varchar(50) CHARACTER SET utf8mb4 NOT NULL,
	`basePrice` int(11) NOT NULL DEFAULT 0,
	`globalStock` int(11) NOT NULL DEFAULT 0,
	`customBrand` varchar(50) CHARACTER SET utf8mb4 DEFAULT NULL,
	`customName` varchar(50) CHARACTER SET utf8mb4 DEFAULT NULL,
	PRIMARY KEY (`model`)
) ENGINE=InnoDB DEFAULT CHARSET=latin1;


INSERT IGNORE INTO `carshop_vehicles` (`model`, `class`, `basePrice`, `globalStock`, `customBrand`, `customName`) VALUES
	('adder', 'super', 900000, 1, NULL, NULL),
	('AKUMA', 'motorcycles', 7500, 2, NULL, NULL),
	('alpha', 'sports', 60000, 3, NULL, NULL),
	('ardent', 'sportsclassics', 1150000, 2, NULL, NULL),
	('asea', 'sedans', 5500, 0, NULL, NULL),
	('autarch', 'super', 1955000, 0, NULL, NULL),
	('avarus', 'motorcycles', 18000, 0, NULL, NULL),
	('bagger', 'motorcycles', 13500, 0, NULL, NULL),
	('baller2', 'suvs', 40000, 0, NULL, NULL),
	('baller3', 'suvs', 60000, 0, NULL, NULL),
	('banshee', 'sports', 70000, 0, NULL, NULL),
	('banshee2', 'super', 255000, 0, NULL, NULL),
	('bati', 'motorcycles', 12000, 0, NULL, NULL),
	('bati2', 'motorcycles', 19000, 0, NULL, NULL),
	('bestiagts', 'sports', 55000, 0, NULL, NULL),
	('bf400', 'motorcycles', 6500, 0, NULL, NULL),
	('bfinjection', 'offroad', 16000, 0, NULL, NULL),
	('bifta', 'offroad', 12000, 0, NULL, NULL),
	('bison', 'vans', 45000, 0, NULL, NULL),
	('blade', 'muscle', 15000, 0, NULL, NULL),
	('blazer', 'offroad', 6500, 0, NULL, NULL),
	('blazer4', 'offroad', 8500, 0, NULL, NULL),
	('blazer5', 'offroad', 1755600, 0, NULL, NULL),
	('blista', 'compacts', 8000, 0, NULL, NULL),
	('bmx', 'motorcycles', 160, 0, NULL, NULL),
	('bobcatxl', 'vans', 32000, 0, NULL, NULL),
	('brawler', 'offroad', 45000, 0, NULL, NULL),
	('brioso', 'compacts', 18000, 0, NULL, NULL),
	('btype', 'sportsclassics', 62000, 0, NULL, NULL),
	('btype2', 'sportsclassics', 155000, 0, NULL, NULL),
	('btype3', 'sportsclassics', 85000, 0, NULL, NULL),
	('buccaneer', 'muscle', 18000, 0, NULL, NULL),
	('buccaneer2', 'muscle', 24000, 0, NULL, NULL),
	('buffalo', 'sports', 12000, 0, NULL, NULL),
	('buffalo2', 'sports', 20000, 0, NULL, NULL),
	('bullet', 'super', 90000, 0, NULL, NULL),
	('burrito3', 'vans', 19000, 0, NULL, NULL),
	('camper', 'vans', 42000, 0, NULL, NULL),
	('carbonizzare', 'sports', 75000, 0, NULL, NULL),
	('carbonrs', 'motorcycles', 18000, 0, NULL, NULL),
	('casco', 'sportsclassics', 30000, 0, NULL, NULL),
	('cavalcade2', 'suvs', 55000, 0, NULL, NULL),
	('cheetah', 'super', 375000, 0, NULL, NULL),
	('chimera', 'motorcycles', 38000, 0, NULL, NULL),
	('chino', 'muscle', 15000, 0, NULL, NULL),
	('chino2', 'muscle', 19000, 0, NULL, NULL),
	('cliffhanger', 'motorcycles', 9500, 0, NULL, NULL),
	('cogcabrio', 'coupes', 55000, 0, NULL, NULL),
	('cognoscenti', 'sedans', 55000, 0, NULL, NULL),
	('comet2', 'sports', 65000, 0, NULL, NULL),
	('comet5', 'sports', 1145000, 0, NULL, NULL),
	('contender', 'suvs', 70000, 0, NULL, NULL),
	('coquette', 'sports', 65000, 0, NULL, NULL),
	('coquette2', 'sportsclassics', 40000, 0, NULL, NULL),
	('coquette3', 'muscle', 55000, 0, NULL, NULL),
	('cruiser', 'motorcycles', 510, 0, NULL, NULL),
	('cyclone', 'super', 1890000, 0, NULL, NULL),
	('daemon', 'motorcycles', 11500, 0, NULL, NULL),
	('daemon2', 'motorcycles', 13500, 0, NULL, NULL),
	('defiler', 'motorcycles', 9800, 0, NULL, NULL),
	('deluxo', 'sportsclassics', 4721500, 0, NULL, NULL),
	('dominator', 'muscle', 35000, 0, NULL, NULL),
	('double', 'motorcycles', 28000, 0, NULL, NULL),
	('dubsta', 'suvs', 45000, 0, NULL, NULL),
	('dubsta2', 'suvs', 60000, 0, NULL, NULL),
	('dubsta3', 'offroad', 120000, 0, NULL, NULL),
	('dukes', 'muscle', 28000, 0, NULL, NULL),
	('dune', 'offroad', 8000, 0, NULL, NULL),
	('elegy2', 'sports', 38500, 0, NULL, NULL),
	('emperor', 'sedans', 8500, 0, NULL, NULL),
	('enduro', 'motorcycles', 5500, 0, NULL, NULL),
	('entityxf', 'super', 425000, 0, NULL, NULL),
	('esskey', 'motorcycles', 4200, 0, NULL, NULL),
	('exemplar', 'coupes', 32000, 0, NULL, NULL),
	('f620', 'coupes', 40000, 0, NULL, NULL),
	('faction', 'muscle', 20000, 0, NULL, NULL),
	('faction2', 'muscle', 30000, 0, NULL, NULL),
	('faction3', 'muscle', 40000, 0, NULL, NULL),
	('faggio', 'motorcycles', 1900, 0, NULL, NULL),
	('faggio2', 'motorcycles', 2800, 0, NULL, NULL),
	('felon', 'coupes', 42000, 0, NULL, NULL),
	('felon2', 'coupes', 55000, 0, NULL, NULL),
	('feltzer2', 'sports', 55000, 0, NULL, NULL),
	('feltzer3', 'sportsclassics', 65000, 0, NULL, NULL),
	('fixter', 'motorcycles', 225, 0, NULL, NULL),
	('fmj', 'super', 185000, 0, NULL, NULL),
	('fq2', 'suvs', 17000, 0, NULL, NULL),
	('fugitive', 'sedans', 12000, 0, NULL, NULL),
	('furoregt', 'sports', 45000, 0, NULL, NULL),
	('fusilade', 'sports', 40000, 0, NULL, NULL),
	('gargoyle', 'motorcycles', 16500, 0, NULL, NULL),
	('gauntlet', 'muscle', 30000, 0, NULL, NULL),
	('gburrito', 'vans', 45000, 0, NULL, NULL),
	('gburrito2', 'vans', 29000, 0, NULL, NULL),
	('glendale', 'sedans', 6500, 0, NULL, NULL),
	('granger', 'suvs', 50000, 0, NULL, NULL),
	('gresley', 'suvs', 47500, 0, NULL, NULL),
	('gt500', 'sportsclassics', 785000, 0, NULL, NULL),
	('guardian', 'offroad', 45000, 0, NULL, NULL),
	('hakuchou', 'motorcycles', 31000, 0, NULL, NULL),
	('hakuchou2', 'motorcycles', 55000, 0, NULL, NULL),
	('hermes', 'muscle', 535000, 0, NULL, NULL),
	('hexer', 'motorcycles', 12000, 0, NULL, NULL),
	('hotknife', 'muscle', 125000, 0, NULL, NULL),
	('huntley', 'suvs', 40000, 0, NULL, NULL),
	('hustler', 'muscle', 625000, 0, NULL, NULL),
	('infernus', 'super', 180000, 0, NULL, NULL),
	('innovation', 'motorcycles', 23500, 0, NULL, NULL),
	('intruder', 'sedans', 7500, 0, NULL, NULL),
	('issi2', 'compacts', 10000, 0, NULL, NULL),
	('jackal', 'coupes', 38000, 0, NULL, NULL),
	('jester', 'sports', 65000, 0, NULL, NULL),
	('jester2', 'sports', 135000, 0, NULL, NULL),
	('journey', 'vans', 6500, 0, NULL, NULL),
	('kamacho', 'offroad', 345000, 0, NULL, NULL),
	('khamelion', 'sports', 38000, 0, NULL, NULL),
	('kuruma', 'sports', 30000, 0, NULL, NULL),
	('landstalker', 'suvs', 35000, 0, NULL, NULL),
	('le7b', 'super', 325000, 0, NULL, NULL),
	('lynx', 'sports', 40000, 0, NULL, NULL),
	('mamba', 'sports', 70000, 0, NULL, NULL),
	('manana', 'sportsclassics', 12800, 0, NULL, NULL),
	('manchez', 'motorcycles', 5300, 0, NULL, NULL),
	('massacro', 'sports', 65000, 0, NULL, NULL),
	('massacro2', 'sports', 130000, 0, NULL, NULL),
	('mesa', 'suvs', 16000, 0, NULL, NULL),
	('mesa3', 'suvs', 40000, 0, NULL, NULL),
	('minivan', 'vans', 13000, 0, NULL, NULL),
	('monroe', 'sportsclassics', 55000, 0, NULL, NULL),
	('monster', 'offroad', 210000, 0, NULL, NULL),
	('moonbeam', 'vans', 18000, 0, NULL, NULL),
	('moonbeam2', 'vans', 35000, 0, NULL, NULL),
	('nemesis', 'motorcycles', 5800, 0, NULL, NULL),
	('neon', 'sports', 1500000, 0, NULL, NULL),
	('nightblade', 'motorcycles', 35000, 0, NULL, NULL),
	('nightshade', 'muscle', 65000, 0, NULL, NULL),
	('ninef', 'sports', 65000, 0, NULL, NULL),
	('ninef2', 'sports', 80000, 0, NULL, NULL),
	('omnis', 'sports', 35000, 0, NULL, NULL),
	('oppressor', 'super', 3524500, 0, NULL, NULL),
	('oracle2', 'coupes', 35000, 0, NULL, NULL),
	('osiris', 'super', 160000, 0, NULL, NULL),
	('panto', 'compacts', 10000, 0, NULL, NULL),
	('paradise', 'vans', 19000, 0, NULL, NULL),
	('pariah', 'sports', 1420000, 0, NULL, NULL),
	('patriot', 'suvs', 55000, 0, NULL, NULL),
	('pcj', 'motorcycles', 6200, 0, NULL, NULL),
	('penumbra', 'sports', 28000, 0, NULL, NULL),
	('pfister811', 'super', 85000, 0, NULL, NULL),
	('phoenix', 'muscle', 12500, 0, NULL, NULL),
	('picador', 'muscle', 18000, 0, NULL, NULL),
	('pigalle', 'sportsclassics', 20000, 0, NULL, NULL),
	('prairie', 'compacts', 12000, 0, NULL, NULL),
	('premier', 'sedans', 8000, 0, NULL, NULL),
	('primo2', 'sedans', 14000, 0, NULL, NULL),
	('prototipo', 'super', 2500000, 0, NULL, NULL),
	('radi', 'suvs', 29000, 0, NULL, NULL),
	('raiden', 'sports', 1375000, 0, NULL, NULL),
	('rapidgt', 'sports', 35000, 0, NULL, NULL),
	('rapidgt2', 'sports', 45000, 0, NULL, NULL),
	('rapidgt3', 'sportsclassics', 885000, 0, NULL, NULL),
	('reaper', 'super', 150000, 0, NULL, NULL),
	('rebel2', 'offroad', 35000, 0, NULL, NULL),
	('regina', 'sedans', 5000, 0, NULL, NULL),
	('retinue', 'sportsclassics', 615000, 0, NULL, NULL),
	('revolter', 'sports', 1610000, 0, NULL, NULL),
	('riata', 'offroad', 380000, 0, NULL, NULL),
	('rocoto', 'suvs', 45000, 0, NULL, NULL),
	('ruffian', 'motorcycles', 6800, 0, NULL, NULL),
	('ruiner2', 'muscle', 5745600, 0, NULL, NULL),
	('rumpo', 'vans', 15000, 0, NULL, NULL),
	('rumpo3', 'vans', 19500, 0, NULL, NULL),
	('sabregt', 'muscle', 20000, 0, NULL, NULL),
	('sabregt2', 'muscle', 25000, 0, NULL, NULL),
	('sanchez', 'motorcycles', 5300, 0, NULL, NULL),
	('sanchez2', 'motorcycles', 5300, 0, NULL, NULL),
	('sanctus', 'motorcycles', 25000, 0, NULL, NULL),
	('sandking', 'offroad', 55000, 0, NULL, NULL),
	('savestra', 'sportsclassics', 990000, 0, NULL, NULL),
	('sc1', 'super', 1603000, 0, NULL, NULL),
	('schafter2', 'sedans', 25000, 0, NULL, NULL),
	('schafter3', 'sports', 50000, 0, NULL, NULL),
	('scorcher', 'motorcycles', 280, 0, NULL, NULL),
	('seminole', 'suvs', 25000, 0, NULL, NULL),
	('sentinel', 'coupes', 32000, 0, NULL, NULL),
	('sentinel2', 'coupes', 40000, 0, NULL, NULL),
	('sentinel3', 'sports', 650000, 0, NULL, NULL),
	('seven70', 'sports', 39500, 0, NULL, NULL),
	('sheava', 'super', 220000, 0, NULL, NULL),
	('shotaro', 'motorcycles', 320000, 0, NULL, NULL),
	('slamvan3', 'muscle', 11500, 0, NULL, NULL),
	('sovereign', 'motorcycles', 22000, 0, NULL, NULL),
	('stinger', 'sportsclassics', 80000, 0, NULL, NULL),
	('stingergt', 'sportsclassics', 75000, 0, NULL, NULL),
	('streiter', 'sports', 500000, 0, NULL, NULL),
	('stretch', 'sedans', 90000, 0, NULL, NULL),
	('stromberg', 'sports', 3185350, 0, NULL, NULL),
	('sultan', 'sports', 15000, 0, NULL, NULL),
	('sultanrs', 'super', 65000, 0, NULL, NULL),
	('superd', 'sedans', 130000, 0, NULL, NULL),
	('surano', 'sports', 50000, 0, NULL, NULL),
	('surfer', 'vans', 12000, 0, NULL, NULL),
	('t20', 'super', 300000, 0, NULL, NULL),
	('tailgater', 'sedans', 30000, 0, NULL, NULL),
	('tampa', 'muscle', 16000, 0, NULL, NULL),
	('tampa2', 'sports', 80000, 0, NULL, NULL),
	('thrust', 'motorcycles', 24000, 0, NULL, NULL),
	('tribike3', 'motorcycles', 520, 0, NULL, NULL),
	('trophytruck', 'offroad', 60000, 0, NULL, NULL),
	('trophytruck2', 'offroad', 80000, 0, NULL, NULL),
	('tropos', 'sports', 40000, 0, NULL, NULL),
	('turismor', 'super', 350000, 0, NULL, NULL),
	('tyrus', 'super', 600000, 0, NULL, NULL),
	('vacca', 'super', 120000, 0, NULL, NULL),
	('vader', 'motorcycles', 7200, 0, NULL, NULL),
	('verlierer2', 'sports', 70000, 0, NULL, NULL),
	('vigero', 'muscle', 12500, 0, NULL, NULL),
	('virgo', 'muscle', 14000, 0, NULL, NULL),
	('viseris', 'sportsclassics', 875000, 0, NULL, NULL),
	('visione', 'super', 2250000, 0, NULL, NULL),
	('voltic', 'super', 90000, 0, NULL, NULL),
	('voltic2', 'super', 3830400, 0, NULL, NULL),
	('voodoo', 'muscle', 7200, 0, NULL, NULL),
	('vortex', 'motorcycles', 9800, 0, NULL, NULL),
	('warrener', 'sedans', 4000, 0, NULL, NULL),
	('washington', 'sedans', 9000, 0, NULL, NULL),
	('windsor', 'coupes', 95000, 0, NULL, NULL),
	('windsor2', 'coupes', 125000, 0, NULL, NULL),
	('wolfsbane', 'motorcycles', 9000, 0, NULL, NULL),
	('xls', 'suvs', 32000, 0, NULL, NULL),
	('yosemite', 'muscle', 485000, 0, NULL, NULL),
	('youga', 'vans', 10800, 0, NULL, NULL),
	('youga2', 'vans', 14500, 0, NULL, NULL),
	('z190', 'sportsclassics', 900000, 0, NULL, NULL),
	('zentorno', 'super', 1500000, 0, NULL, NULL),
	('zion', 'coupes', 36000, 0, NULL, NULL),
	('zion2', 'coupes', 45000, 0, NULL, NULL),
	('zombiea', 'motorcycles', 9500, 0, NULL, NULL),
	('zombieb', 'motorcycles', 12000, 0, NULL, NULL),
	('ztype', 'sportsclassics', 220000, 0, NULL, NULL);


CREATE TABLE IF NOT EXISTS `carshop_billing` (
	`id` int(11) NOT NULL AUTO_INCREMENT,
	`citizenid` varchar(255) CHARACTER SET utf8mb4 NOT NULL,
	`plate` varchar(50) CHARACTER SET utf8mb4 NOT NULL,
	`shop` varchar(50) CHARACTER SET utf8mb4 NOT NULL,
	`model` varchar(50) CHARACTER SET utf8mb4 NOT NULL DEFAULT '0',
	`installments` int(11) NOT NULL DEFAULT 0,
	`price` int(11) NOT NULL DEFAULT 0,
	`status` int(11) NOT NULL DEFAULT 0,
	`date` timestamp NOT NULL DEFAULT current_timestamp(),
	PRIMARY KEY (`id`) USING BTREE,
	KEY `plate` (`plate`) USING BTREE,
	KEY `identifier` (`citizenid`) USING BTREE,
	KEY `store` (`shop`) USING BTREE,
	CONSTRAINT `FK_carshop_billing_carshop_stores` FOREIGN KEY (`shop`) REFERENCES `carshop_stores` (`id`) ON DELETE CASCADE ON UPDATE CASCADE
) ENGINE=InnoDB AUTO_INCREMENT=42 DEFAULT CHARSET=latin1;

CREATE TABLE IF NOT EXISTS `carshop_stock` (
	`store` varchar(50) CHARACTER SET utf8mb4 NOT NULL DEFAULT '',
	`vehicle` varchar(50) CHARACTER SET utf8mb4 NOT NULL DEFAULT '',
	`price` int(11) NOT NULL,
	`stock` int(11) NOT NULL,
	KEY `FK_carshop_stock_carshop_vehicles` (`vehicle`),
	KEY `FK_carshop_stock_carshop_stores` (`store`),
	CONSTRAINT `FK_carshop_stock_carshop_stores` FOREIGN KEY (`store`) REFERENCES `carshop_stores` (`id`) ON DELETE CASCADE ON UPDATE CASCADE,
	CONSTRAINT `FK_carshop_stock_carshop_vehicles` FOREIGN KEY (`vehicle`) REFERENCES `carshop_vehicles` (`model`) ON DELETE CASCADE ON UPDATE CASCADE
) ENGINE=InnoDB DEFAULT CHARSET=latin1;

INSERT IGNORE INTO `carshop_stock` (`store`, `vehicle`, `price`, `stock`) VALUES
	('pdm', 'adder', 900000, 2),
	('pdm', 'AKUMA', 8000, 3),
	('pdm', 'alpha', 60000, 1),
	('pdm', 'ardent', 1150000, 3),
	('pdm', 'asea', 6000, 14),
	('pdm', 'autarch', 1955000, 0),
	('pdm', 'avarus', 18000, 2),
	('pdm', 'bagger', 13500, 2),
	('pdm', 'baller2', 40000, 0),
	('pdm', 'baller3', 60000, 0),
	('pdm', 'banshee', 70000, 3),
	('pdm', 'banshee2', 255000, 0),
	('pdm', 'bati', 12000, 1),
	('pdm', 'bati2', 19000, 3),
	('pdm', 'bestiagts', 55000, 3),
	('pdm', 'bf400', 6500, 2),
	('pdm', 'bfinjection', 19000, 2),
	('pdm', 'bifta', 12000, 3),
	('ottos', 'bison', 45000, 0),
	('ottos', 'blade', 15000, 5),
	('ottos', 'blazer', 6500, 3),
	('ottos', 'blazer4', 9000, 4),
	('ottos', 'blazer5', 1755600, 4),
	('ottos', 'blista', 8000, 2),
	('ottos', 'bmx', 250, 3);


CREATE TABLE IF NOT EXISTS `carshop_showroom` (
	`id` INT(11) NOT NULL AUTO_INCREMENT,
	`shop` VARCHAR(50) NOT NULL DEFAULT '' COLLATE 'utf8mb4_general_ci',
	`display` INT(11) NOT NULL,
	`model` VARCHAR(60) NOT NULL DEFAULT ' ' COLLATE 'utf8mb4_general_ci',
	PRIMARY KEY (`id`) USING BTREE,
	UNIQUE INDEX `index` (`display`, `shop`) USING BTREE,
	INDEX `FK_carshop_showroom_carshop_stores` (`shop`) USING BTREE,
	CONSTRAINT `FK_carshop_showroom_carshop_stores` FOREIGN KEY (`shop`) REFERENCES `carshop_stores` (`id`) ON UPDATE CASCADE ON DELETE CASCADE
)
COLLATE='utf8mb4_general_ci'
ENGINE=InnoDB
AUTO_INCREMENT=74
;

INSERT IGNORE INTO `carshop_showroom` (`id`, `shop`, `display`, `model`) VALUES
	(13, 'pdm', 1, 'adder'),
	(31, 'pdm', 2, 'AKUMA'),
	(32, 'pdm', 3, 'bfinjection'),
	(33, 'pdm', 4, 'bestiagts'),
	(34, 'pdm', 5, 'bf400'),
	(35, 'pdm', 6, 'bagger'),
	(65, 'ottos', 1, 'blazer'),
	(67, 'ottos', 2, 'blade'),
	(68, 'ottos', 3, 'blazer5'),
	(69, 'ottos', 4, 'blazer4'),
	(70, 'ottos', 5, 'bmx'),
	(71, 'ottos', 6, 'blazer4'),
	(72, 'ottos', 7, 'bison'),
	(73, 'ottos', 8, 'blade');


ALTER TABLE owned_vehicles
ADD	`purchase_price` INT(11) NOT NULL DEFAULT '0',
ADD	`financed` INT(11) NULL DEFAULT '0',
ADD	`last_payment` INT(11) NULL DEFAULT '0',
ADD	`payment_left` INT(11) NULL DEFAULT '0';