CREATE TABLE IF NOT EXISTS `carshop_logs` (
	`id` int(11) NOT NULL AUTO_INCREMENT,
	`model` varchar(255) NOT NULL,
	`plate` varchar(255) NOT NULL,
	`price` int(11) NOT NULL,
	`financed` tinyint(1) NOT NULL,
	`tax` int(11) NOT NULL,
	`shop` varchar(255) NOT NULL,
	`buyer` varchar(50) NOT NULL DEFAULT '',
	`sellerId` varchar(50) NOT NULL DEFAULT '',
	`paidOff` int(1) DEFAULT 0,
	`date` timestamp NULL DEFAULT current_timestamp(),
	PRIMARY KEY (`id`),
	UNIQUE KEY `id` (`id`)
) ENGINE=InnoDB AUTO_INCREMENT=16 DEFAULT CHARSET=utf8mb4;

CREATE TABLE IF NOT EXISTS `carshop_stores` (
	`id` varchar(50) CHARACTER SET utf8mb4 NOT NULL,
	`name` varchar(50) CHARACTER SET utf8mb4 DEFAULT NULL,
	`subtitle` varchar(50) CHARACTER SET utf8mb4 DEFAULT NULL,
	`description` longtext CHARACTER SET utf8mb4 DEFAULT NULL,
	`commission` int(11) DEFAULT 0,
	`isCatalog` int(1) DEFAULT 0,
	`testDrive` int(1) DEFAULT 0,
	`showroom` int(1) unsigned DEFAULT 0,
	PRIMARY KEY (`id`) USING BTREE
) ENGINE=InnoDB DEFAULT CHARSET=latin1;

INSERT IGNORE INTO `carshop_stores` (`id`, `name`, `subtitle`, `description`, `commission`, `isCatalog`, `testDrive`, `showroom`) VALUES
	('airshop', 'Air Shop', 'Planes', 'Helicopters and Planes', 5, 0, 1, 1),
	('bikeshop', 'Bike Shop', 'Motorbikes', 'Motorbikes', 5, 0, 1, 1),
	('boatshop', 'Boat Shop', 'Boats', 'Boat Shop', 5, 0, 1, 1),
	('luxuryautos', 'Luxury Autos', 'Luxury', 'Luxury Vehicle Shop', 5, 0, 1, 1),
	('pdm', 'PDM', 'Motorsports', 'Premium Deluxe Motorsport', 5, 0, 1, 1);

CREATE TABLE IF NOT EXISTS `carshop_vehicles` (
	`model` varchar(50) CHARACTER SET utf8mb4 NOT NULL,
	`class` varchar(50) CHARACTER SET utf8mb4 NOT NULL,
	`basePrice` int(11) NOT NULL DEFAULT 0,
	`globalStock` int(11) NOT NULL DEFAULT 0,
	`customBrand` varchar(50) CHARACTER SET utf8mb4 DEFAULT NULL,
	`customName` varchar(50) CHARACTER SET utf8mb4 DEFAULT NULL,
	PRIMARY KEY (`model`)
) ENGINE=InnoDB DEFAULT CHARSET=latin1;


INSERT IGNORE INTO `carshop_vehicles` (`model`, `class`, `basePrice`, `globalStock`, `customBrand`, `customName`) VALUES
	('00f350dually', 'offroad', 125000, 10, NULL, NULL),
	('180sx', 'sports', 80000, 10, NULL, NULL),
	('19exp', 'suvs', 70000, 10, NULL, NULL),
	('20rampw', 'offroad', 150000, 10, NULL, NULL),
	('21bro', 'suvs', 70000, 10, NULL, NULL),
	('21brooff', 'suvs', 85000, 10, NULL, NULL),
	('21dura', 'suvs', 65000, 10, NULL, NULL),
	('21f150', 'offroad', 190000, 10, NULL, NULL),
	('21f250', 'offroad', 125000, 10, NULL, NULL),
	('21hilux', 'offroad', 85000, 10, NULL, NULL),
	('21hiluxstk', 'offroad', 95000, 10, NULL, NULL),
	('21ltz', 'muscle', 235000, 10, NULL, NULL),
	('21sierra', 'offroad', 175000, 10, NULL, NULL),
	('21subur', 'suvs', 140000, 10, NULL, NULL),
	('2NCSM4COMP', 'sports', 310000, 10, NULL, NULL),
	('3500sd', 'offroad', 150000, 10, NULL, NULL),
	('4runner', 'suvs', 150000, 10, NULL, NULL),
	('65c10', 'offroad', 65000, 10, NULL, NULL),
	('750iL', 'sedans', 65000, 10, NULL, NULL),
	('a90pit', 'sports', 155000, 10, NULL, NULL),
	('adder', 'super', 280000, 10, NULL, NULL),
	('AKUMA', 'motorcycles', 7500, 10, NULL, NULL),
	('alpha', 'sports', 53000, 10, NULL, NULL),
	('AMGGTBS', 'super', 375000, 10, NULL, NULL),
	('aone', 'super', 900000, 10, NULL, NULL),
	('ardent', 'sportsclassics', 30000, 10, NULL, NULL),
	('asbo', 'compacts', 4000, 10, NULL, NULL),
	('asea', 'sedans', 2500, 10, NULL, NULL),
	('asterope', 'sedans', 11000, 10, NULL, NULL),
	('astron', 'sedans', 150000, 10, NULL, NULL),
	('at420', 'offroad', 150000, 10, NULL, NULL),
	('autarch', 'super', 224000, 10, NULL, NULL),
	('avarus', 'motorcycles', 18000, 10, NULL, NULL),
	('bagger', 'motorcycles', 13500, 10, NULL, NULL),
	('baller', 'suvs', 22000, 10, NULL, NULL),
	('baller2', 'suvs', 23000, 10, NULL, NULL),
	('baller3', 'suvs', 24000, 10, NULL, NULL),
	('baller4', 'suvs', 26000, 10, NULL, NULL),
	('baller5', 'suvs', 78000, 10, NULL, NULL),
	('baller6', 'suvs', 82000, 10, NULL, NULL),
	('baller7', 'suvs', 94000, 10, NULL, NULL),
	('banshee', 'sports', 56000, 10, NULL, NULL),
	('banshee2', 'super', 120000, 10, NULL, NULL),
	('bati', 'motorcycles', 12000, 10, NULL, NULL),
	('bati2', 'motorcycles', 19000, 10, NULL, NULL),
	('bc20kodiak', 'offroad', 175000, 10, NULL, NULL),
	('bc78bronco', 'offroad', 55000, 10, NULL, NULL),
	('bc80silv', 'offroad', 60000, 10, NULL, NULL),
	('bc91sir', 'sports', 65000, 10, NULL, NULL),
	('bc97f350q', 'offroad', 58000, 10, NULL, NULL),
	('bcbanshee', 'motorcycles', 65000, 10, NULL, NULL),
	('bcbuggyxl', 'offroad', 250000, 10, NULL, NULL),
	('bcfabjeep', 'offroad', 65000, 10, NULL, NULL),
	('bcls', 'commercial', 340000, 10, NULL, NULL),
	('bcr1drag', 'motorcycles', 180000, 10, NULL, NULL),
	('bcrzrxp', 'offroad', 75000, 10, NULL, NULL),
	('bcsm', 'commercial', 440000, 10, NULL, NULL),
	('bcsportsman', 'motorcycles', 50000, 10, NULL, NULL),
	('bcsportsmanm', 'motorcycles', 50000, 10, NULL, NULL),
	('bcyfz450', 'motorcycles', 65000, 10, NULL, NULL),
	('benson', 'commercial', 55000, 10, NULL, NULL),
	('bestiagts', 'sports', 37000, 10, NULL, NULL),
	('bf400', 'motorcycles', 6500, 10, NULL, NULL),
	('bfinjection', 'offroad', 9000, 10, NULL, NULL),
	('biff', 'commercial', 100000, 10, NULL, NULL),
	('bifta', 'offroad', 15500, 10, NULL, NULL),
	('bison', 'vans', 18000, 10, NULL, NULL),
	('bjxl', 'suvs', 19000, 10, NULL, NULL),
	('blade', 'muscle', 23500, 10, NULL, NULL),
	('blazer', 'offroad', 7500, 10, NULL, NULL),
	('blazer21', 'suvs', 35000, 10, NULL, NULL),
	('blazer4', 'offroad', 9250, 10, NULL, NULL),
	('blista', 'compacts', 13000, 10, NULL, NULL),
	('blista2', 'compacts', 18950, 10, NULL, NULL),
	('blista3', 'compacts', 15000, 10, NULL, NULL),
	('bmci', 'sedans', 138500, 10, NULL, NULL),
	('bmx', 'motorcycles', 160, 10, NULL, NULL),
	('bobcatxl', 'vans', 13500, 10, NULL, NULL),
	('boor', 'compacts', 23000, 10, NULL, NULL),
	('boss429', 'muscle', 115000, 10, NULL, NULL),
	('boxville', 'commercial', 45000, 10, NULL, NULL),
	('boxville2', 'commercial', 45000, 10, NULL, NULL),
	('boxville3', 'commercial', 45000, 10, NULL, NULL),
	('boxville4', 'commercial', 45000, 10, NULL, NULL),
	('brawler', 'offroad', 40000, 10, NULL, NULL),
	('brioso', 'compacts', 20000, 10, NULL, NULL),
	('brioso2', 'compacts', 12000, 10, NULL, NULL),
	('brioso3', 'compacts', 15000, 10, NULL, NULL),
	('broadway', 'sportsclassics', 20000, 10, NULL, NULL),
	('btype', 'sportsclassics', 63000, 10, NULL, NULL),
	('btype2', 'sportsclassics', 87000, 10, NULL, NULL),
	('btype3', 'sportsclassics', 75000, 10, NULL, NULL),
	('buccaneer', 'muscle', 22500, 10, NULL, NULL),
	('buccaneer2', 'muscle', 24000, 10, NULL, NULL),
	('buffalo', 'muscle', 18750, 10, NULL, NULL),
	('buffalo2', 'muscle', 24500, 10, NULL, NULL),
	('buffalo4', 'muscle', 34500, 10, NULL, NULL),
	('buffalo5', 'muscle', 40000, 10, NULL, NULL),
	('bulldozer', 'commercial', 30000, 10, NULL, NULL),
	('bullet', 'super', 120000, 10, NULL, NULL),
	('burrito3', 'vans', 19000, 10, NULL, NULL),
	('calico', 'sports', 39000, 10, NULL, NULL),
	('carbonizzare', 'sports', 155000, 10, NULL, NULL),
	('carbonrs', 'motorcycles', 18000, 10, NULL, NULL),
	('casco', 'sportsclassics', 100000, 10, NULL, NULL),
	('cavalcade', 'suvs', 14000, 10, NULL, NULL),
	('cavalcade2', 'suvs', 16500, 10, NULL, NULL),
	('champion', 'coupes', 205000, 10, NULL, NULL),
	('cheburek', 'sportsclassics', 7000, 10, NULL, NULL),
	('cheetah', 'super', 214000, 10, NULL, NULL),
	('cheetah2', 'sports', 195000, 10, NULL, NULL),
	('chevy67', 'muscle', 55000, 10, NULL, NULL),
	('chimera', 'motorcycles', 21000, 10, NULL, NULL),
	('chino', 'muscle', 5000, 10, NULL, NULL),
	('chino2', 'muscle', 8000, 10, NULL, NULL),
	('cinquemila', 'sedans', 125000, 10, NULL, NULL),
	('cliffhanger', 'motorcycles', 28500, 10, NULL, NULL),
	('clique', 'muscle', 20000, 10, NULL, NULL),
	('club', 'compacts', 8000, 10, NULL, NULL),
	('cog55', 'sedans', 22000, 10, NULL, NULL),
	('cogcabrio', 'coupes', 35000, 10, NULL, NULL),
	('cognoscenti', 'sedans', 22500, 10, NULL, NULL),
	('comet2', 'sports', 130000, 10, NULL, NULL),
	('comet3', 'sports', 175000, 10, NULL, NULL),
	('comet4', 'sports', 110000, 10, NULL, NULL),
	('comet5', 'sports', 155000, 10, NULL, NULL),
	('comet6', 'sports', 230000, 10, NULL, NULL),
	('comet7', 'sports', 250000, 10, NULL, NULL),
	('contender', 'suvs', 35000, 10, NULL, NULL),
	('coquette', 'sports', 145000, 10, NULL, NULL),
	('coquette2', 'sportsclassics', 165000, 10, NULL, NULL),
	('coquette3', 'muscle', 160000, 10, NULL, NULL),
	('coquette4', 'sports', 220000, 10, NULL, NULL),
	('corsita', 'sports', 90000, 10, NULL, NULL),
	('crawler', 'offroad', 350000, 10, NULL, NULL),
	('cruiser', 'motorcycles', 510, 10, NULL, NULL),
	('cutter', 'commercial', 300000, 10, NULL, NULL),
	('cyclone', 'super', 300000, 10, NULL, NULL),
	('cypher', 'sports', 155000, 10, NULL, NULL),
	('daemon', 'motorcycles', 14000, 10, NULL, NULL),
	('daemon2', 'motorcycles', 23000, 10, NULL, NULL),
	('dawnonyx', 'sports', 125000, 10, NULL, NULL),
	('dc5', 'sports', 37000, 10, NULL, NULL),
	('defiler', 'motorcycles', 9800, 10, NULL, NULL),
	('deity', 'sedans', 50500, 10, NULL, NULL),
	('delsoleg', 'sports', 47000, 10, NULL, NULL),
	('denali18', 'offroad', 115000, 10, NULL, NULL),
	('deveste', 'super', 1200000, 10, NULL, NULL),
	('deviant', 'muscle', 70000, 10, NULL, NULL),
	('dilettante', 'compacts', 9000, 10, NULL, NULL),
	('dominator', 'muscle', 38000, 10, NULL, NULL),
	('dominator3', 'muscle', 80000, 10, NULL, NULL),
	('dominator7', 'muscle', 95000, 10, NULL, NULL),
	('dominator8', 'muscle', 110000, 10, NULL, NULL),
	('double', 'motorcycles', 28000, 10, NULL, NULL),
	('drafter', 'sports', 80000, 10, NULL, NULL),
	('dragarger', 'exclusive', 110000, 10, NULL, NULL),
	('draugur', 'offroad', 99000, 10, NULL, NULL),
	('driftram', 'offroad', 74500, 10, NULL, NULL),
	('dubsta', 'suvs', 38000, 10, NULL, NULL),
	('dubsta2', 'suvs', 48000, 10, NULL, NULL),
	('dubsta3', 'offroad', 89000, 10, NULL, NULL),
	('dukes', 'muscle', 23500, 10, NULL, NULL),
	('dukes3', 'muscle', 38000, 10, NULL, NULL),
	('dune', 'offroad', 14000, 10, NULL, NULL),
	('dynasty', 'sportsclassics', 25000, 10, NULL, NULL),
	('elegy', 'sports', 145000, 10, NULL, NULL),
	('elegy2', 'sports', 150000, 10, NULL, NULL),
	('ellie', 'muscle', 38000, 10, NULL, NULL),
	('emerus', 'super', 1100000, 10, NULL, NULL),
	('emperor', 'sedans', 4250, 10, NULL, NULL),
	('enduro', 'motorcycles', 5500, 10, NULL, NULL),
	('entity2', 'super', 1064000, 10, NULL, NULL),
	('entity3', 'super', 1500000, 10, NULL, NULL),
	('entityxf', 'super', 1050000, 10, NULL, NULL),
	('esskey', 'motorcycles', 12000, 10, NULL, NULL),
	('eudora', 'sedans', 17000, 10, NULL, NULL),
	('euros', 'sports', 80000, 10, NULL, NULL),
	('everon', 'sports', 60000, 10, NULL, NULL),
	('everon2', 'sports', 94000, 10, NULL, NULL),
	('evo10', 'sports', 85000, 10, NULL, NULL),
	('exemplar', 'coupes', 40000, 10, NULL, NULL),
	('f35019', 'offroad', 80000, 10, NULL, NULL),
	('f620', 'coupes', 32500, 10, NULL, NULL),
	('f8t', 'super', 1100000, 10, NULL, NULL),
	('faction', 'muscle', 17000, 10, NULL, NULL),
	('faction2', 'muscle', 19000, 10, NULL, NULL),
	('faction3', 'muscle', 35000, 10, NULL, NULL),
	('fagaloa', 'sportsclassics', 13000, 10, NULL, NULL),
	('faggio', 'motorcycles', 2000, 10, NULL, NULL),
	('faggio2', 'motorcycles', 2800, 10, NULL, NULL),
	('felon', 'coupes', 42000, 10, NULL, NULL),
	('felon2', 'coupes', 55000, 10, NULL, NULL),
	('feltzer2', 'sports', 97000, 10, NULL, NULL),
	('feltzer3', 'sportsclassics', 115000, 10, NULL, NULL),
	('ff50', 'super', 1050000, 10, NULL, NULL),
	('fixter', 'motorcycles', 225, 10, NULL, NULL),
	('flashgt', 'sports', 65000, 10, NULL, NULL),
	('fmj', 'super', 1205000, 10, NULL, NULL),
	('fox600lt', 'super', 1175000, 10, NULL, NULL),
	('foxbentley', 'sports', 730000, 10, NULL, NULL),
	('foxc8', 'super', 356000, 10, NULL, NULL),
	('foxcoma', 'offroad', 125000, 10, NULL, NULL),
	('foxelva', 'super', 2075000, 10, NULL, NULL),
	('foxevo', 'super', 1200000, 10, NULL, NULL),
	('foxgt2', 'super', 1100000, 10, NULL, NULL),
	('foxharley2', 'motorcycles', 75000, 10, NULL, NULL),
	('foxleggera', 'super', 1100000, 10, NULL, NULL),
	('foxraptor', 'offroad', 135000, 10, NULL, NULL),
	('foxrossa', 'super', 830000, 10, NULL, NULL),
	('foxsci', 'sports', 48000, 10, NULL, NULL),
	('foxshelby', 'muscle', 360000, 10, NULL, NULL),
	('foxsian', 'super', 1300000, 10, NULL, NULL),
	('foxsnt', 'sports', 55000, 10, NULL, NULL),
	('fq2', 'suvs', 18500, 10, NULL, NULL),
	('freecrawler', 'offroad', 78000, 10, NULL, NULL),
	('fugitive', 'sedans', 20000, 10, NULL, NULL),
	('furia', 'super', 1000500, 10, NULL, NULL),
	('furoregt', 'sports', 78000, 10, NULL, NULL),
	('fusilade', 'sports', 40000, 10, NULL, NULL),
	('futo', 'compacts', 17500, 10, NULL, NULL),
	('futo2', 'compacts', 39000, 10, NULL, NULL),
	('g63amg6x6', 'suvs', 185000, 10, NULL, NULL),
	('gargoyle', 'motorcycles', 32000, 10, NULL, NULL),
	('gauntlet', 'muscle', 28500, 10, NULL, NULL),
	('gauntlet3', 'muscle', 75000, 10, NULL, NULL),
	('gauntlet4', 'muscle', 80000, 10, NULL, NULL),
	('gauntlet5', 'muscle', 120000, 10, NULL, NULL),
	('gburrito', 'vans', 45000, 10, NULL, NULL),
	('gburrito2', 'vans', 11500, 10, NULL, NULL),
	('glad20', 'offroad', 130000, 10, NULL, NULL),
	('glendale', 'sedans', 3400, 10, NULL, NULL),
	('glendale2', 'sedans', 12000, 10, NULL, NULL),
	('gmcev', 'suvs', 300000, 10, NULL, NULL),
	('GODz21M3', 'sports', 180000, 10, NULL, NULL),
	('GODz75BRONCO', 'suvs', 67000, 10, NULL, NULL),
	('GODzALPHA', 'suvs', 280000, 10, NULL, NULL),
	('GODzALPHALFTD', 'suvs', 300000, 10, NULL, NULL),
	('GODzALPHAOT', 'suvs', 300000, 10, NULL, NULL),
	('GODzBGD21F150', 'offroad', 130000, 10, NULL, NULL),
	('GODzC6FD', 'sports', 430000, 10, NULL, NULL),
	('GODzCHEVELLEBJ', 'exclusive', 145000, 10, NULL, NULL),
	('GODzCUDA', 'muscle', 140000, 10, NULL, NULL),
	('GODzDEMONSBLB', 'muscle', 190000, 10, NULL, NULL),
	('GODzENZO', 'super', 950000, 10, NULL, NULL),
	('GODzFABIH8TOR', 'suvs', 270000, 10, NULL, NULL),
	('GODzFDVIPER', 'sports', 310000, 10, NULL, NULL),
	('GODzLFTD21F150', 'offroad', 130000, 10, NULL, NULL),
	('GODzR35ZILLA', 'sports', 350000, 10, NULL, NULL),
	('GODzROCKETGT900', 'sports', 260000, 10, NULL, NULL),
	('GODzS14DRIFT', 'sports', 145000, 10, NULL, NULL),
	('GODzS2kCR', 'sports', 68000, 10, NULL, NULL),
	('GODzS2kPNDMCR', 'sports', 95000, 10, NULL, NULL),
	('GODzSYCLONE', 'offroad', 130000, 10, NULL, NULL),
	('GODzTYPHOON', 'offroad', 130000, 10, NULL, NULL),
	('gp1', 'super', 1010000, 10, NULL, NULL),
	('granger', 'suvs', 42000, 10, NULL, NULL),
	('granger2', 'suvs', 42000, 10, NULL, NULL),
	('greenwood', 'muscle', 105000, 10, NULL, NULL),
	('gresley', 'suvs', 25000, 10, NULL, NULL),
	('growler', 'sports', 40000, 10, NULL, NULL),
	('gsthoonitron', 'exclusive', 1200000, 10, NULL, NULL),
	('gt500', 'sportsclassics', 130000, 10, NULL, NULL),
	('guardian', 'offroad', 85000, 10, NULL, NULL),
	('habanero', 'suvs', 20000, 10, NULL, NULL),
	('hakuchou', 'motorcycles', 17000, 10, NULL, NULL),
	('hakuchou2', 'motorcycles', 45000, 10, NULL, NULL),
	('hauler', 'commercial', 100000, 10, NULL, NULL),
	('hellion', 'offroad', 38500, 10, NULL, NULL),
	('hermes', 'muscle', 153500, 10, NULL, NULL),
	('hexer', 'motorcycles', 16000, 10, NULL, NULL),
	('hotknife', 'muscle', 90000, 10, NULL, NULL),
	('huntley', 'suvs', 24500, 10, NULL, NULL),
	('hustler', 'muscle', 95000, 10, NULL, NULL),
	('hvrod', 'exclusive', 110000, 10, NULL, NULL),
	('ie', 'super', 1300000, 10, NULL, NULL),
	('ignus', 'super', 1120000, 10, NULL, NULL),
	('imorgon', 'sports', 300000, 10, NULL, NULL),
	('impa6', 'sedans', 34000, 10, NULL, NULL),
	('impala67', 'exclusive', 55000, 10, NULL, NULL),
	('impaler', 'muscle', 95000, 10, NULL, NULL),
	('imperator', 'muscle', 95000, 10, NULL, NULL),
	('infernus', 'super', 985000, 10, NULL, NULL),
	('infernus2', 'super', 970000, 10, NULL, NULL),
	('ingot', 'compacts', 4999, 10, NULL, NULL),
	('innovation', 'motorcycles', 33500, 10, NULL, NULL),
	('intruder', 'sedans', 11250, 10, NULL, NULL),
	('issi2', 'compacts', 7000, 10, NULL, NULL),
	('issi3', 'compacts', 5000, 10, NULL, NULL),
	('issi7', 'compacts', 100000, 10, NULL, NULL),
	('issi8', 'compacts', 10000, 10, NULL, NULL),
	('italigtb', 'super', 1700000, 10, NULL, NULL),
	('italigtb2', 'super', 2050000, 10, NULL, NULL),
	('italigto', 'super', 1065000, 10, NULL, NULL),
	('italirsx', 'super', 1060000, 10, NULL, NULL),
	('iwagen', 'suvs', 225000, 10, NULL, NULL),
	('jackal', 'coupes', 38000, 10, NULL, NULL),
	('jester', 'sports', 1322500, 10, NULL, NULL),
	('jester3', 'sports', 85000, 10, NULL, NULL),
	('jester4', 'sports', 155000, 10, NULL, NULL),
	('journey', 'vans', 6500, 10, NULL, NULL),
	('journey2', 'vans', 7000, 10, NULL, NULL),
	('jubilee', 'suvs', 68500, 10, NULL, NULL),
	('jugular', 'sports', 145000, 10, NULL, NULL),
	('kalahari', 'offroad', 14000, 10, NULL, NULL),
	('kamacho', 'offroad', 50000, 10, NULL, NULL),
	('kanjosj', 'sports', 55000, 10, NULL, NULL),
	('khamelion', 'sports', 90000, 10, NULL, NULL),
	('krieger', 'super', 130000, 10, NULL, NULL),
	('kuruma', 'sports', 72000, 10, NULL, NULL),
	('lancerdy', 'sports', 325000, 10, NULL, NULL),
	('landstalker', 'suvs', 35000, 10, NULL, NULL),
	('landstalker2', 'suvs', 42000, 10, NULL, NULL),
	('le7b', 'super', 1350000, 10, NULL, NULL),
	('limotahoe', 'suvs', 160000, 10, NULL, NULL),
	('lm87', 'super', 1505000, 10, NULL, NULL),
	('locust', 'sports', 200000, 10, NULL, NULL),
	('lp700', 'super', 1700000, 10, NULL, NULL),
	('lurcher', 'muscle', 21000, 10, NULL, NULL),
	('lynx', 'sports', 150000, 10, NULL, NULL),
	('m422', 'sedans', 95000, 10, NULL, NULL),
	('mallcrawl2dr', 'offroad', 78000, 10, NULL, NULL),
	('mamba', 'sports', 140000, 10, NULL, NULL),
	('manana', 'sportsclassics', 12800, 10, NULL, NULL),
	('manana2', 'sportsclassics', 24000, 10, NULL, NULL),
	('manchez', 'motorcycles', 8300, 10, NULL, NULL),
	('massacro', 'sports', 110000, 10, NULL, NULL),
	('megag1', 'offroad', 67000, 10, NULL, NULL),
	('mesa', 'suvs', 12000, 10, NULL, NULL),
	('mesa3', 'suvs', 68000, 10, NULL, NULL),
	('mgt', 'muscle', 125000, 10, NULL, NULL),
	('MHW', 'offroad', 400000, 10, NULL, NULL),
	('michelli', 'sportsclassics', 30000, 10, NULL, NULL),
	('minivan', 'vans', 7000, 10, NULL, NULL),
	('minivan2', 'vans', 10000, 10, NULL, NULL),
	('monroe', 'sportsclassics', 115000, 10, NULL, NULL),
	('moonbeam', 'vans', 13000, 10, NULL, NULL),
	('moonbeam2', 'vans', 15000, 10, NULL, NULL),
	('nebula', 'sportsclassics', 22000, 10, NULL, NULL),
	('nemesis', 'motorcycles', 5800, 10, NULL, NULL),
	('neo', 'sports', 2030000, 10, NULL, NULL),
	('neon', 'sports', 263000, 10, NULL, NULL),
	('nero', 'super', 2000000, 10, NULL, NULL),
	('nero2', 'super', 2060000, 10, NULL, NULL),
	('nightblade', 'motorcycles', 23000, 10, NULL, NULL),
	('nightshade', 'muscle', 70000, 10, NULL, NULL),
	('ninef', 'sports', 95000, 10, NULL, NULL),
	('ninef2', 'sports', 105000, 10, NULL, NULL),
	('novak', 'suvs', 70000, 10, NULL, NULL),
	('omnis', 'sports', 90000, 10, NULL, NULL),
	('omnisegt', 'sports', 185000, 10, NULL, NULL),
	('oracle', 'coupes', 22000, 10, NULL, NULL),
	('oracle2', 'coupes', 28000, 10, NULL, NULL),
	('osiris', 'super', 2020000, 10, NULL, NULL),
	('panthere', 'sports', 124000, 10, NULL, NULL),
	('panto', 'compacts', 5000, 10, NULL, NULL),
	('paradise', 'vans', 19000, 10, NULL, NULL),
	('paragon', 'sports', 158000, 10, NULL, NULL),
	('pariah', 'sports', 142000, 10, NULL, NULL),
	('patriot', 'suvs', 78000, 10, NULL, NULL),
	('patriot2', 'suvs', 108000, 10, NULL, NULL),
	('patriot3', 'suvs', 134000, 10, NULL, NULL),
	('pcj', 'motorcycles', 15000, 10, NULL, NULL),
	('penetrator', 'super', 1300000, 10, NULL, NULL),
	('penumbra', 'sports', 22000, 10, NULL, NULL),
	('penumbra2', 'sports', 115000, 10, NULL, NULL),
	('pete352custom', 'commercial', 440000, 10, NULL, NULL),
	('peyote', 'sportsclassics', 23500, 10, NULL, NULL),
	('peyote2', 'sportsclassics', 40000, 10, NULL, NULL),
	('peyote3', 'sportsclassics', 48000, 10, NULL, NULL),
	('pfister811', 'super', 2040000, 10, NULL, NULL),
	('phantom', 'commercial', 100000, 10, NULL, NULL),
	('phantom3', 'commercial', 110000, 10, NULL, NULL),
	('phantomhd', 'commercial', 340000, 10, NULL, NULL),
	('phoenix', 'muscle', 55000, 10, NULL, NULL),
	('picador', 'muscle', 20000, 10, NULL, NULL),
	('pigalle', 'sportsclassics', 34000, 10, NULL, NULL),
	('pony', 'vans', 45000, 10, NULL, NULL),
	('pony2', 'vans', 48000, 10, NULL, NULL),
	('postlude', 'coupes', 90000, 10, NULL, NULL),
	('pounder', 'commercial', 55000, 10, NULL, NULL),
	('prairie', 'compacts', 24000, 10, NULL, NULL),
	('premier', 'sedans', 12000, 10, NULL, NULL),
	('previon', 'coupes', 149000, 10, NULL, NULL),
	('primo', 'sedans', 5000, 10, NULL, NULL),
	('primo2', 'sedans', 14000, 10, NULL, NULL),
	('prototipo', 'super', 2500000, 10, NULL, NULL),
	('r300', 'sports', 156000, 10, NULL, NULL),
	('radi', 'suvs', 18000, 10, NULL, NULL),
	('raiden', 'sports', 237500, 10, NULL, NULL),
	('ram1500', 'offroad', 160000, 10, NULL, NULL),
	('rancherxl', 'suvs', 24000, 10, NULL, NULL),
	('rapidgt', 'sports', 86000, 10, NULL, NULL),
	('rapidgt2', 'sports', 92000, 10, NULL, NULL),
	('rapidgt3', 'sportsclassics', 90000, 10, NULL, NULL),
	('raptor', 'sports', 90000, 10, NULL, NULL),
	('ratloader2', 'muscle', 69000, 10, NULL, NULL),
	('reaper', 'super', 1500000, 10, NULL, NULL),
	('rebel2', 'offroad', 35000, 10, NULL, NULL),
	('rebla', 'suvs', 98000, 10, NULL, NULL),
	('regina', 'sedans', 7000, 10, NULL, NULL),
	('remus', 'sports', 56000, 10, NULL, NULL),
	('retinue', 'sportsclassics', 78000, 10, NULL, NULL),
	('retinue2', 'sportsclassics', 84000, 10, NULL, NULL),
	('revolter', 'sports', 95000, 10, NULL, NULL),
	('rhapsody', 'compacts', 10000, 10, NULL, NULL),
	('rhinehart', 'sedans', 105000, 10, NULL, NULL),
	('riata', 'offroad', 102000, 10, NULL, NULL),
	('rmod240sx', 'sports', 79500, 10, NULL, NULL),
	('rmodbacalar', 'super', 985000, 10, NULL, NULL),
	('rmodbentley1', 'sports', 650000, 10, NULL, NULL),
	('rmodbentleygt', 'sports', 695000, 10, NULL, NULL),
	('rmodbugatti', 'super', 2195000, 10, NULL, NULL),
	('rmodcamaro', 'sports', 238000, 10, NULL, NULL),
	('rmodcharger69', 'exclusive', 125000, 10, NULL, NULL),
	('rmodchiron300', 'super', 1300000, 10, NULL, NULL),
	('rmode63s', 'sedans', 125000, 10, NULL, NULL),
	('rmodescort', 'sports', 55000, 10, NULL, NULL),
	('rmodf12tdf', 'super', 1050000, 10, NULL, NULL),
	('rmodf40', 'super', 1050000, 10, NULL, NULL),
	('rmodg65', 'suvs', 300000, 10, NULL, NULL),
	('rmodgt63', 'sports', 475000, 10, NULL, NULL),
	('rmodgtr50', 'sports', 850000, 10, NULL, NULL),
	('rmodjesko', 'super', 950000, 10, NULL, NULL),
	('rmodlfa', 'sports', 190000, 10, NULL, NULL),
	('rmodm8c', 'sports', 220000, 10, NULL, NULL),
	('rmodmi8lb', 'sports', 765000, 10, NULL, NULL),
	('rmodmk7', 'sports', 45000, 10, NULL, NULL),
	('rmodporsche918', 'super', 930000, 10, NULL, NULL),
	('rmodr8c', 'sports', 260000, 10, NULL, NULL),
	('rmodrover', 'suvs', 235000, 10, NULL, NULL),
	('rmodrs7', 'sports', 268000, 10, NULL, NULL),
	('rmodsian', 'super', 1250000, 10, NULL, NULL),
	('rmodsianr', 'super', 1300000, 10, NULL, NULL),
	('rmodsuprapandem', 'sports', 185000, 10, NULL, NULL),
	('rmodzl1', 'muscle', 800000, 10, NULL, NULL),
	('rocoto', 'suvs', 45000, 10, NULL, NULL),
	('rt3000', 'sports', 111000, 10, NULL, NULL),
	('rubble', 'commercial', 110000, 10, NULL, NULL),
	('ruffian', 'motorcycles', 25000, 10, NULL, NULL),
	('ruiner', 'muscle', 29000, 10, NULL, NULL),
	('ruiner4', 'muscle', 85000, 10, NULL, NULL),
	('rumpo', 'vans', 9000, 10, NULL, NULL),
	('rumpo3', 'vans', 19500, 10, NULL, NULL),
	('ruston', 'sports', 201000, 10, NULL, NULL),
	('s80', 'super', 2050000, 10, NULL, NULL),
	('sabregt', 'muscle', 23000, 10, NULL, NULL),
	('sabregt2', 'muscle', 26500, 10, NULL, NULL),
	('sadler', 'offroad', 43500, 10, NULL, NULL),
	('sanchez', 'motorcycles', 5300, 10, NULL, NULL),
	('sanchez2', 'motorcycles', 5300, 10, NULL, NULL),
	('sanctus', 'motorcycles', 25000, 10, NULL, NULL),
	('sandking', 'offroad', 65000, 10, NULL, NULL),
	('sandking2', 'offroad', 76000, 10, NULL, NULL),
	('savestra', 'sportsclassics', 78000, 10, NULL, NULL),
	('sc1', 'super', 1603000, 10, NULL, NULL),
	('schafter2', 'sedans', 38000, 10, NULL, NULL),
	('schafter3', 'sports', 56000, 10, NULL, NULL),
	('schafter4', 'sports', 48000, 10, NULL, NULL),
	('schlagen', 'sports', 160000, 10, NULL, NULL),
	('schwarzer', 'sports', 47000, 10, NULL, NULL),
	('scorcher', 'motorcycles', 280, 10, NULL, NULL),
	('seminole', 'suvs', 36000, 10, NULL, NULL),
	('seminole2', 'suvs', 32000, 10, NULL, NULL),
	('sentinel', 'coupes', 32000, 10, NULL, NULL),
	('sentinel2', 'coupes', 38000, 10, NULL, NULL),
	('sentinel3', 'sports', 86000, 10, NULL, NULL),
	('sentinel4', 'sports', 94000, 10, NULL, NULL),
	('serrano', 'suvs', 48000, 10, NULL, NULL),
	('seven70', 'sports', 140000, 10, NULL, NULL),
	('sharkf150', 'offroad', 55000, 10, NULL, NULL),
	('sheava', 'super', 220000, 10, NULL, NULL),
	('skyline', 'sports', 90000, 10, NULL, NULL),
	('slamvan2', 'muscle', 90000, 10, NULL, NULL),
	('slamvan3', 'muscle', 115000, 10, NULL, NULL),
	('sm722', 'sports', 125000, 10, NULL, NULL),
	('sovereign', 'motorcycles', 8000, 10, NULL, NULL),
	('specter', 'sports', 160000, 10, NULL, NULL),
	('srt2018', 'suvs', 105000, 10, NULL, NULL),
	('stinger', 'sportsclassics', 80000, 10, NULL, NULL),
	('stingergt', 'sportsclassics', 85000, 10, NULL, NULL),
	('stratum', 'sedans', 15000, 10, NULL, NULL),
	('stratumc', 'sedans', 141000, 10, NULL, NULL),
	('streiter', 'sports', 73000, 10, NULL, NULL),
	('sugoi', 'sports', 85000, 10, NULL, NULL),
	('sultan', 'sports', 50000, 10, NULL, NULL),
	('sultan2', 'sports', 70000, 10, NULL, NULL),
	('sultan3', 'sports', 60000, 10, NULL, NULL),
	('sultanrs', 'sports', 160000, 10, NULL, NULL),
	('superd', 'sedans', 70000, 10, NULL, NULL),
	('supra2', 'sports', 145000, 10, NULL, NULL),
	('surano', 'sports', 80000, 10, NULL, NULL),
	('surfer', 'vans', 9000, 10, NULL, NULL),
	('surfer3', 'vans', 15000, 10, NULL, NULL),
	('surge', 'sedans', 10000, 10, NULL, NULL),
	('swinger', 'sportsclassics', 85000, 10, NULL, NULL),
	('t20', 'super', 1650000, 10, NULL, NULL),
	('tahoe08', 'suvs', 87000, 10, NULL, NULL),
	('tahoma', 'coupes', 12000, 10, NULL, NULL),
	('tailgater', 'sedans', 22000, 10, NULL, NULL),
	('tailgater2', 'sedans', 51000, 10, NULL, NULL),
	('taipan', 'super', 1850000, 10, NULL, NULL),
	('tampa', 'muscle', 24500, 10, NULL, NULL),
	('tampa2', 'sports', 80000, 10, NULL, NULL),
	('tcninja', 'motorcycles', 625000, 10, NULL, NULL),
	('tempesta', 'super', 1200000, 10, NULL, NULL),
	('tenf', 'sports', 185000, 10, NULL, NULL),
	('tenf2', 'sports', 215000, 10, NULL, NULL),
	('tezeract', 'super', 2250000, 10, NULL, NULL),
	('thrax', 'super', 1850000, 10, NULL, NULL),
	('thrust', 'motorcycles', 24000, 10, NULL, NULL),
	('tigon', 'super', 2040000, 10, NULL, NULL),
	('tonkat', 'offroad', 285000, 10, NULL, NULL),
	('torero', 'sportsclassics', 840000, 10, NULL, NULL),
	('torero2', 'super', 2405000, 10, NULL, NULL),
	('tornado', 'sportsclassics', 21000, 10, NULL, NULL),
	('tornado2', 'sportsclassics', 22000, 10, NULL, NULL),
	('tornado5', 'sportsclassics', 22000, 10, NULL, NULL),
	('toros', 'suvs', 250000, 10, NULL, NULL),
	('tribike3', 'motorcycles', 520, 10, NULL, NULL),
	('trophytruck', 'offroad', 60000, 10, NULL, NULL),
	('trophytruck2', 'offroad', 80000, 10, NULL, NULL),
	('tropos', 'sports', 65000, 10, NULL, NULL),
	('tulip', 'muscle', 85000, 10, NULL, NULL),
	('tulip2', 'muscle', 90000, 10, NULL, NULL),
	('turismo2', 'super', 1005000, 10, NULL, NULL),
	('turismor', 'super', 1040000, 10, NULL, NULL),
	('twister', 'offroad', 150000, 10, NULL, NULL),
	('tyrant', 'super', 2100000, 10, NULL, NULL),
	('tyrus', 'super', 2030000, 10, NULL, NULL),
	('urus', 'suvs', 650000, 10, NULL, NULL),
	('vacca', 'super', 1050000, 10, NULL, NULL),
	('vader', 'motorcycles', 7200, 10, NULL, NULL),
	('vagner', 'super', 1660000, 10, NULL, NULL),
	('vagrant', 'offroad', 50000, 10, NULL, NULL),
	('vamos', 'muscle', 42000, 10, NULL, NULL),
	('vectre', 'sports', 80000, 10, NULL, NULL),
	('verlierer2', 'sports', 190500, 10, NULL, NULL),
	('vigero', 'muscle', 22000, 10, NULL, NULL),
	('vigero2', 'muscle', 105000, 10, NULL, NULL),
	('virgo', 'muscle', 22000, 10, NULL, NULL),
	('virgo2', 'muscle', 25000, 10, NULL, NULL),
	('virgo3', 'muscle', 26000, 10, NULL, NULL),
	('virtue', 'super', 3100000, 10, NULL, NULL),
	('viseris', 'sportsclassics', 425000, 10, NULL, NULL),
	('visione', 'super', 2250000, 10, NULL, NULL),
	('voltic', 'super', 120000, 10, NULL, NULL),
	('voodoo', 'muscle', 13000, 10, NULL, NULL),
	('vortex', 'motorcycles', 31000, 10, NULL, NULL),
	('vstr', 'sports', 80000, 10, NULL, NULL),
	('warrener', 'sedans', 8000, 10, NULL, NULL),
	('warrener2', 'sedans', 7000, 10, NULL, NULL),
	('washington', 'sedans', 9000, 10, NULL, NULL),
	('wazuma', 'motorcycles', 150000, 10, NULL, NULL),
	('weevil', 'compacts', 9000, 10, NULL, NULL),
	('weevil2', 'muscle', 95000, 10, NULL, NULL),
	('windsor', 'coupes', 27000, 10, NULL, NULL),
	('windsor2', 'coupes', 34000, 10, NULL, NULL),
	('winky', 'offroad', 10000, 10, NULL, NULL),
	('wolfsbane', 'motorcycles', 14000, 10, NULL, NULL),
	('xa21', 'super', 1800000, 10, NULL, NULL),
	('xls', 'suvs', 32000, 10, NULL, NULL),
	('yosemite', 'muscle', 19500, 10, NULL, NULL),
	('yosemite2', 'muscle', 55000, 10, NULL, NULL),
	('yosemite3', 'muscle', 43500, 10, NULL, NULL),
	('youga', 'vans', 8000, 10, NULL, NULL),
	('youga2', 'vans', 14500, 10, NULL, NULL),
	('youga3', 'vans', 25000, 10, NULL, NULL),
	('youga4', 'vans', 42069, 10, NULL, NULL),
	('z190', 'sportsclassics', 90000, 10, NULL, NULL),
	('zeno', 'super', 1350000, 10, NULL, NULL),
	('zentenario', 'super', 1250000, 10, NULL, NULL),
	('zentorno', 'super', 1500000, 10, NULL, NULL),
	('zion', 'coupes', 22000, 10, NULL, NULL),
	('zion2', 'coupes', 28000, 10, NULL, NULL),
	('zion3', 'sportsclassics', 45000, 10, NULL, NULL),
	('zombiea', 'motorcycles', 28000, 10, NULL, NULL),
	('zombieb', 'motorcycles', 27000, 10, NULL, NULL),
	('zorrusso', 'super', 2077000, 10, NULL, NULL),
	('ztype', 'sportsclassics', 270000, 10, NULL, NULL);


CREATE TABLE IF NOT EXISTS `carshop_billing` (
	`id` int(11) NOT NULL AUTO_INCREMENT,
	`citizenid` varchar(255) CHARACTER SET utf8mb4 NOT NULL,
	`plate` varchar(50) CHARACTER SET utf8mb4 NOT NULL,
	`shop` varchar(50) CHARACTER SET utf8mb4 NOT NULL,
	`model` varchar(50) CHARACTER SET utf8mb4 NOT NULL DEFAULT '0',
	`installments` int(11) NOT NULL DEFAULT 0,
	`price` int(11) NOT NULL DEFAULT 0,
	`status` int(11) NOT NULL DEFAULT 0,
	`date` timestamp NOT NULL DEFAULT current_timestamp(),
	PRIMARY KEY (`id`) USING BTREE,
	KEY `plate` (`plate`) USING BTREE,
	KEY `identifier` (`citizenid`) USING BTREE,
	KEY `store` (`shop`) USING BTREE,
	CONSTRAINT `FK_carshop_billing_carshop_stores` FOREIGN KEY (`shop`) REFERENCES `carshop_stores` (`id`) ON DELETE CASCADE ON UPDATE CASCADE
) ENGINE=InnoDB AUTO_INCREMENT=42 DEFAULT CHARSET=latin1;

CREATE TABLE IF NOT EXISTS `carshop_stock` (
	`store` varchar(50) CHARACTER SET utf8mb4 NOT NULL DEFAULT '',
	`vehicle` varchar(50) CHARACTER SET utf8mb4 NOT NULL DEFAULT '',
	`price` int(11) NOT NULL,
	`stock` int(11) NOT NULL,
	KEY `FK_carshop_stock_carshop_vehicles` (`vehicle`),
	KEY `FK_carshop_stock_carshop_stores` (`store`),
	CONSTRAINT `FK_carshop_stock_carshop_stores` FOREIGN KEY (`store`) REFERENCES `carshop_stores` (`id`) ON DELETE CASCADE ON UPDATE CASCADE,
	CONSTRAINT `FK_carshop_stock_carshop_vehicles` FOREIGN KEY (`vehicle`) REFERENCES `carshop_vehicles` (`model`) ON DELETE CASCADE ON UPDATE CASCADE
) ENGINE=InnoDB DEFAULT CHARSET=latin1;

INSERT IGNORE INTO `carshop_stock` (`store`, `vehicle`, `price`, `stock`) VALUES
	('bikeshop', 'akuma', 7500, 10),
	('bikeshop', 'avarus', 20000, 10),
	('bikeshop', 'bagger', 13500, 10),
	('bikeshop', 'bati', 12000, 10),
	('bikeshop', 'bati2', 19000, 10),
	('bikeshop', 'bmx', 160, 10),
	('bikeshop', 'carbonrs', 22000, 10),
	('bikeshop', 'chimera', 21000, 10),
	('bikeshop', 'cliffhanger', 28500, 10),
	('bikeshop', 'cruiser', 510, 10),
	('bikeshop', 'daemon', 14000, 10),
	('bikeshop', 'daemon2', 23000, 10),
	('bikeshop', 'defiler', 30000, 10),
	('bikeshop', 'double', 28000, 10),
	('bikeshop', 'enduro', 5500, 10),
	('bikeshop', 'esskey', 12000, 10),
	('bikeshop', 'faggio', 2000, 10),
	('bikeshop', 'faggio2', 2800, 10),
	('bikeshop', 'fixter', 225, 10),
	('bikeshop', 'gargoyle', 32000, 10),
	('bikeshop', 'hakuchou', 45000, 10),
	('bikeshop', 'hexer', 16000, 10),
	('bikeshop', 'innovation', 33500, 10),
	('bikeshop', 'manchez', 8300, 10),
	('bikeshop', 'nemesis', 20000, 10),
	('bikeshop', 'nightblade', 23000, 10),
	('bikeshop', 'pcj', 15000, 10),
	('bikeshop', 'ruffian', 25000, 10),
	('bikeshop', 'sanchez', 5300, 10),
	('bikeshop', 'sanchez2', 5300, 10),
	('bikeshop', 'scorcher', 280, 10),
	('bikeshop', 'sovereign', 8000, 10),
	('bikeshop', 'thrust', 22000, 10),
	('bikeshop', 'tribike3', 520, 10),
	('bikeshop', 'vader', 7200, 10),
	('bikeshop', 'vortex', 31000, 10),
	('bikeshop', 'wolfsbane', 14000, 10),
	('bikeshop', 'zombiea', 28000, 10),
	('bikeshop', 'zombieb', 27000, 10),
	('pdm', 'asbo', 4000, 10),
	('pdm', 'adder', 280000, 10),
	('pdm', 'alpha', 53000, 10),
	('pdm', 'ardent', 30000, 10),
	('pdm', 'asea', 2500, 10),
	('pdm', 'asterope', 11000, 10),
	('pdm', 'astron', 150000, 10),
	('pdm', 'autarch', 224000, 10),
	('pdm', 'baller', 22000, 10),
	('pdm', 'baller2', 15000, 10),
	('pdm', 'baller3', 15000, 10),
	('pdm', 'baller4', 29000, 10),
	('pdm', 'baller5', 78000, 10),
	('pdm', 'baller6', 82000, 10),
	('pdm', 'baller7', 94000, 10),
	('pdm', 'banshee', 56000, 10),
	('pdm', 'banshee2', 120000, 10),
	('airshop', 'benson', 55000, 10),
	('pdm', 'bestiagts', 37000, 10),
	('airshop', 'biff', 100000, 10),
	('pdm', 'bfinjection', 9000, 10),
	('pdm', 'bifta', 15500, 10),
	('pdm', 'bison', 18000, 10),
	('pdm', 'bjxl', 19000, 10),
	('pdm', 'blade', 23500, 10),
	('pdm', 'blazer', 7500, 10),
	('pdm', 'blazer4', 9250, 10),
	('pdm', 'blista', 13000, 10),
	('pdm', 'blista2', 18950, 10),
	('pdm', 'blista3', 15000, 10),
	('pdm', 'bobcatxl', 13500, 10),
	('pdm', 'boor', 23000, 10),
	('airshop', 'boxville', 45000, 10),
	('airshop', 'boxville2', 45000, 10),
	('airshop', 'boxville3', 45000, 10),
	('airshop', 'boxville4', 45000, 10),
	('pdm', 'brawler', 40000, 10),
	('pdm', 'brioso', 20000, 10),
	('pdm', 'brioso2', 12000, 10),
	('pdm', 'brioso3', 15000, 10),
	('pdm', 'broadway', 20000, 10),
	('pdm', 'btype', 63000, 10),
	('pdm', 'btype2', 87000, 10),
	('pdm', 'btype3', 75000, 10),
	('pdm', 'buccaneer', 22500, 10),
	('pdm', 'buccaneer2', 24000, 10),
	('pdm', 'buffalo', 18750, 10),
	('pdm', 'buffalo2', 24500, 10),
	('pdm', 'buffalo4', 34500, 10),
	('pdm', 'buffalo5', 40000, 10),
	('airshop', 'bulldozer', 30000, 10),
	('pdm', 'bullet', 120000, 10),
	('pdm', 'burrito3', 19000, 10),
	('pdm', 'calico', 39000, 10),
	('pdm', 'carbonizzare', 155000, 10),
	('pdm', 'casco', 100000, 10),
	('pdm', 'cavalcade', 14000, 10),
	('pdm', 'cavalcade2', 16500, 10),
	('pdm', 'champion', 205000, 10),
	('pdm', 'cheburek', 7000, 10),
	('pdm', 'cheetah', 214000, 10),
	('pdm', 'cheetah2', 195000, 10),
	('pdm', 'chino', 5000, 10),
	('pdm', 'chino2', 8000, 10),
	('pdm', 'cinquemila', 125000, 10),
	('pdm', 'clique', 20000, 10),
	('pdm', 'club', 8000, 10),
	('pdm', 'cog55', 22000, 10),
	('pdm', 'cogcabrio', 35000, 10),
	('pdm', 'cognoscenti', 22500, 10),
	('pdm', 'comet2', 130000, 10),
	('pdm', 'comet3', 175000, 10),
	('pdm', 'comet4', 110000, 10),
	('pdm', 'comet5', 155000, 10),
	('pdm', 'comet6', 230000, 10),
	('pdm', 'comet7', 250000, 10),
	('pdm', 'contender', 35000, 10),
	('pdm', 'coquette', 145000, 10),
	('pdm', 'coquette2', 165000, 10),
	('pdm', 'coquette3', 180000, 10),
	('pdm', 'coquette4', 220000, 10),
	('pdm', 'corsita', 90000, 10),
	('airshop', 'cutter', 30000, 10),
	('pdm', 'cyclone', 300000, 10),
	('pdm', 'cypher', 155000, 10),
	('pdm', 'deity', 50500, 10),
	('pdm', 'deveste', 1200000, 10),
	('pdm', 'deviant', 70000, 10),
	('pdm', 'drafter', 80000, 10),
	('pdm', 'dilettante', 9000, 10),
	('pdm', 'dominator', 38000, 10),
	('pdm', 'dominator3', 80000, 10),
	('pdm', 'dominator7', 95000, 10),
	('pdm', 'dominator8', 110000, 10),
	('pdm', 'draugur', 99000, 10),
	('pdm', 'dubsta', 38000, 10),
	('pdm', 'dubsta2', 48000, 10),
	('pdm', 'dubsta3', 89000, 10),
	('pdm', 'dukes', 23500, 10),
	('pdm', 'dukes3', 38000, 10),
	('pdm', 'dune', 14000, 10),
	('pdm', 'dynasty', 25000, 10),
	('pdm', 'elegy', 145000, 10),
	('pdm', 'elegy2', 150000, 10),
	('pdm', 'ellie', 42250, 10),
	('pdm', 'emerus', 1100000, 10),
	('pdm', 'emperor', 4250, 10),
	('pdm', 'entity2', 1064000, 10),
	('pdm', 'entity3', 1500000, 10),
	('pdm', 'entityxf', 1050000, 10),
	('pdm', 'eudora', 17000, 10),
	('pdm', 'euros', 80000, 10),
	('pdm', 'everon', 60000, 10),
	('pdm', 'everon2', 94000, 10),
	('pdm', 'exemplar', 40000, 10),
	('pdm', 'f620', 32500, 10),
	('pdm', 'faction', 17000, 10),
	('pdm', 'faction2', 19000, 10),
	('pdm', 'faction3', 35000, 10),
	('pdm', 'fagaloa', 13000, 10),
	('pdm', 'felon', 42000, 10),
	('pdm', 'felon2', 55000, 10),
	('pdm', 'feltzer2', 97000, 10),
	('pdm', 'feltzer3', 115000, 10),
	('pdm', 'flashgt', 65000, 10),
	('pdm', 'fmj', 1205000, 10),
	('pdm', 'fq2', 18500, 10),
	('pdm', 'freecrawler', 78000, 10),
	('pdm', 'fugitive', 20000, 10),
	('pdm', 'furia', 230000, 10),
	('pdm', 'furoregt', 78000, 10),
	('pdm', 'fusilade', 40000, 10),
	('pdm', 'futo', 17500, 10),
	('pdm', 'futo2', 39000, 10),
	('pdm', 'gauntlet', 28500, 10),
	('pdm', 'gauntlet3', 75000, 10),
	('pdm', 'gauntlet4', 80000, 10),
	('pdm', 'gauntlet5', 120000, 10),
	('pdm', 'gp1', 1010000, 10),
	('pdm', 'gburrito', 45000, 10),
	('pdm', 'gburrito2', 11500, 10),
	('pdm', 'glendale', 3400, 10),
	('pdm', 'glendale2', 12000, 10),
	('pdm', 'granger', 42000, 10),
	('pdm', 'granger2', 58000, 10),
	('pdm', 'gresley', 25000, 10),
	('pdm', 'greenwood', 105000, 10),
	('pdm', 'growler', 205000, 10),
	('pdm', 'gt500', 130000, 10),
	('pdm', 'guardian', 85000, 10),
	('pdm', 'habanero', 20000, 10),
	('airshop', 'hauler', 100000, 10),
	('pdm', 'hermes', 153500, 10),
	('pdm', 'hellion', 38500, 10),
	('pdm', 'hotknife', 90000, 10),
	('pdm', 'huntley', 24500, 10),
	('pdm', 'hustler', 95000, 10),
	('pdm', 'ignus', 1120000, 10),
	('pdm', 'infernus', 985000, 10),
	('pdm', 'infernus2', 970000, 10),
	('pdm', 'intruder', 11250, 10),
	('pdm', 'imorgon', 300000, 10),
	('pdm', 'impaler', 95000, 10),
	('pdm', 'imperator', 95000, 10),
	('pdm', 'ingot', 4999, 10),
	('pdm', 'issi2', 7000, 10),
	('pdm', 'issi3', 5000, 10),
	('pdm', 'issi7', 100000, 10),
	('pdm', 'issi8', 10000, 10),
	('pdm', 'italigtb', 1700000, 10),
	('pdm', 'italigtb2', 2050000, 10),
	('pdm', 'italigto', 1065000, 10),
	('pdm', 'italirsx', 1060000, 10),
	('pdm', 'iwagen', 225000, 10),
	('pdm', 'jackal', 38000, 10),
	('pdm', 'jester', 132250, 10),
	('pdm', 'jester3', 85000, 10),
	('pdm', 'jester4', 155000, 10),
	('pdm', 'journey', 6500, 10),
	('pdm', 'journey2', 7000, 10),
	('pdm', 'jubilee', 68500, 10),
	('pdm', 'jugular', 145000, 10),
	('pdm', 'kamacho', 50000, 10),
	('pdm', 'kanjosj', 55000, 10),
	('pdm', 'khamelion', 90000, 10),
	('pdm', 'kalahari', 14000, 10),
	('pdm', 'krieger', 1300000, 10),
	('pdm', 'kuruma', 72000, 10),
	('pdm', 'lm87', 1505000, 10),
	('pdm', 'landstalker', 35000, 10),
	('pdm', 'landstalker2', 42000, 10),
	('pdm', 'le7b', 1350000, 10),
	('pdm', 'locust', 200000, 10),
	('pdm', 'lurcher', 21000, 10),
	('pdm', 'lynx', 150000, 10),
	('pdm', 'mamba', 140000, 10),
	('pdm', 'manana', 12800, 10),
	('pdm', 'manana2', 24000, 10),
	('pdm', 'massacro', 110000, 10),
	('pdm', 'mesa', 12000, 10),
	('pdm', 'mesa3', 68000, 10),
	('pdm', 'michelli', 30000, 10),
	('pdm', 'minivan', 7000, 10),
	('pdm', 'minivan2', 10000, 10),
	('pdm', 'monroe', 115000, 10),
	('pdm', 'moonbeam', 13000, 10),
	('pdm', 'moonbeam2', 15000, 10),
	('pdm', 'nebula', 22000, 10),
	('pdm', 'nero', 2000000, 10),
	('pdm', 'nero2', 2060000, 10),
	('pdm', 'neo', 2030000, 10),
	('pdm', 'neon', 263000, 10),
	('pdm', 'novak', 70000, 10),
	('pdm', 'nightshade', 70000, 10),
	('pdm', 'ninef', 95000, 10),
	('pdm', 'ninef2', 105000, 10),
	('pdm', 'omnis', 90000, 10),
	('pdm', 'omnisegt', 185000, 10),
	('pdm', 'oracle', 22000, 9),
	('pdm', 'oracle2', 28000, 10),
	('pdm', 'osiris', 2020000, 10),
	('pdm', 'panto', 5000, 10),
	('pdm', 'panthere', 124000, 10),
	('pdm', 'paradise', 19000, 10),
	('pdm', 'paragon', 158000, 10),
	('pdm', 'pariah', 142000, 10),
	('pdm', 'patriot', 78000, 10),
	('pdm', 'patriot2', 108000, 10),
	('pdm', 'patriot3', 134000, 10),
	('pdm', 'penetrator', 1300000, 10),
	('pdm', 'penumbra', 22000, 10),
	('pdm', 'penumbra2', 115000, 10),
	('pdm', 'peyote', 23500, 10),
	('pdm', 'peyote2', 40000, 10),
	('pdm', 'peyote3', 48000, 10),
	('pdm', 'pfister811', 2040000, 10),
	('airshop', 'phantom', 100000, 10),
	('airshop', 'phantom3', 110000, 10),
	('pdm', 'phoenix', 55000, 10),
	('pdm', 'pony', 45000, 10),
	('pdm', 'pony2', 48000, 10),
	('pdm', 'postlude', 90000, 10),
	('airshop', 'pounder', 55000, 10),
	('pdm', 'picador', 20000, 10),
	('pdm', 'previon', 149000, 10),
	('pdm', 'pigalle', 34000, 10),
	('pdm', 'prairie', 24000, 10),
	('pdm', 'premier', 12000, 10),
	('pdm', 'primo', 5000, 10),
	('pdm', 'primo2', 14000, 10),
	('pdm', 'prototipo', 2500000, 10),
	('pdm', 'r300', 156000, 10),
	('pdm', 'radi', 18000, 10),
	('pdm', 'raiden', 237500, 10),
	('pdm', 'rancherxl', 24000, 10),
	('pdm', 'rapidgt', 86000, 10),
	('pdm', 'rapidgt2', 92000, 10),
	('pdm', 'rapidgt3', 90000, 10),
	('pdm', 'raptor', 90000, 10),
	('pdm', 'ratloader2', 69000, 10),
	('pdm', 'rhapsody', 10000, 10),
	('pdm', 'rhinehart', 105000, 10),
	('pdm', 'reaper', 1500000, 10),
	('pdm', 'rebel2', 35000, 10),
	('pdm', 'rebla', 98000, 10),
	('pdm', 'regina', 7000, 10),
	('pdm', 'remus', 56000, 10),
	('pdm', 'retinue', 78000, 10),
	('pdm', 'retinue2', 84000, 10),
	('pdm', 'revolter', 95000, 10),
	('pdm', 'riata', 102000, 10),
	('pdm', 'rt3000', 111000, 10),
	('pdm', 'rocoto', 45000, 10),
	('airshop', 'rubble', 110000, 10),
	('pdm', 'ruiner', 29000, 10),
	('pdm', 'ruiner4', 85000, 10),
	('pdm', 'rumpo', 9000, 10),
	('pdm', 'rumpo3', 19500, 10),
	('pdm', 'ruston', 201000, 10),
	('pdm', 's80', 2050000, 10),
	('pdm', 'sabregt', 23000, 10),
	('pdm', 'sabregt2', 26500, 10),
	('pdm', 'sadler', 43500, 10),
	('pdm', 'sandking', 65000, 10),
	('pdm', 'sandking2', 76000, 10),
	('pdm', 'savestra', 78000, 10),
	('pdm', 'sc1', 1603000, 10),
	('pdm', 'schafter2', 38000, 10),
	('pdm', 'schafter3', 56000, 10),
	('pdm', 'schafter4', 48000, 10),
	('pdm', 'schlagen', 160000, 10),
	('pdm', 'schwarzer', 47000, 10),
	('pdm', 'seminole', 36000, 10),
	('pdm', 'seminole2', 32000, 10),
	('pdm', 'sentinel', 32000, 10),
	('pdm', 'sentinel2', 38000, 10),
	('pdm', 'sentinel3', 86000, 10),
	('pdm', 'sentinel4', 94000, 10),
	('pdm', 'serrano', 48000, 10),
	('pdm', 'seven70', 140000, 10),
	('pdm', 'sheava', 220000, 10),
	('pdm', 'sm722', 125000, 10),
	('pdm', 'slamvan2', 90000, 10),
	('pdm', 'slamvan3', 115000, 10),
	('pdm', 'specter', 160000, 10),
	('pdm', 'stinger', 80000, 10),
	('pdm', 'stingergt', 85000, 10),
	('pdm', 'stratum', 15000, 10),
	('pdm', 'streiter', 73000, 10),
	('pdm', 'sugoi', 85000, 10),
	('pdm', 'sultan', 50000, 10),
	('pdm', 'sultan2', 55000, 10),
	('pdm', 'sultan3', 56000, 10),
	('pdm', 'sultanrs', 160000, 10),
	('pdm', 'superd', 70000, 10),
	('pdm', 'surano', 80000, 10),
	('pdm', 'surfer', 9000, 10),
	('pdm', 'surfer3', 15000, 10),
	('pdm', 'surge', 10000, 10),
	('pdm', 'swinger', 221000, 10),
	('pdm', 't20', 1650000, 10),
	('pdm', 'tahoma', 12000, 10),
	('pdm', 'tailgater', 22000, 10),
	('pdm', 'tailgater2', 51000, 10),
	('pdm', 'taipan', 1850000, 10),
	('pdm', 'tampa', 24500, 10),
	('pdm', 'tampa2', 80000, 10),
	('pdm', 'tempesta', 1200000, 10),
	('pdm', 'tenf', 185000, 10),
	('pdm', 'tenf2', 215000, 10),
	('pdm', 'tezeract', 2250000, 10),
	('pdm', 'thrax', 1850000, 10),
	('pdm', 'tigon', 2040000, 10),
	('pdm', 'torero', 840000, 10),
	('pdm', 'torero2', 2405000, 10),
	('pdm', 'tornado', 21000, 10),
	('pdm', 'tornado2', 22000, 10),
	('pdm', 'tornado5', 22000, 10),
	('pdm', 'toros', 250000, 10),
	('pdm', 'trophytruck', 60000, 10),
	('pdm', 'trophytruck2', 80000, 10),
	('pdm', 'tropos', 65000, 10),
	('pdm', 'tulip', 85000, 10),
	('pdm', 'tulip2', 90000, 10),
	('pdm', 'turismo2', 1005000, 10),
	('pdm', 'turismor', 1040000, 10),
	('pdm', 'tyrant', 2100000, 10),
	('pdm', 'tyrus', 2030000, 10),
	('pdm', 'vacca', 1050000, 10),
	('pdm', 'vagrant', 50000, 10),
	('pdm', 'vagner', 1660000, 10),
	('pdm', 'vamos', 42000, 10),
	('pdm', 'vectre', 80000, 10),
	('pdm', 'verlierer2', 190500, 10),
	('pdm', 'vigero', 22000, 10),
	('pdm', 'vigero2', 105000, 10),
	('pdm', 'virgo', 22000, 10),
	('pdm', 'virgo2', 25000, 10),
	('pdm', 'virgo3', 21000, 10),
	('pdm', 'virtue', 3100000, 10),
	('pdm', 'viseris', 425000, 10),
	('pdm', 'visione', 2250000, 10),
	('pdm', 'voltic', 120000, 10),
	('pdm', 'voodoo', 13000, 10),
	('pdm', 'vstr', 80000, 10),
	('pdm', 'warrener', 8000, 10),
	('pdm', 'warrener2', 15000, 10),
	('pdm', 'washington', 7000, 10),
	('pdm', 'weevil', 9000, 10),
	('pdm', 'weevil2', 95000, 10),
	('pdm', 'windsor', 27000, 10),
	('pdm', 'windsor2', 34000, 10),
	('pdm', 'winky', 10000, 10),
	('pdm', 'xa21', 1800000, 10),
	('pdm', 'xls', 32000, 10),
	('pdm', 'yosemite', 19500, 10),
	('pdm', 'yosemite2', 55000, 10),
	('pdm', 'yosemite3', 42500, 10),
	('pdm', 'youga', 8000, 10),
	('pdm', 'youga2', 14500, 10),
	('pdm', 'youga3', 25000, 10),
	('pdm', 'youga4', 42069, 10),
	('pdm', 'z190', 90000, 10),
	('pdm', 'zentorno', 1500000, 10),
	('pdm', 'zeno', 1350000, 10),
	('pdm', 'zion', 22000, 10),
	('pdm', 'zion2', 28000, 10),
	('pdm', 'zion3', 45000, 10),
	('pdm', 'zorrusso', 2077000, 10),
	('pdm', 'ztype', 270000, 10),
	('luxuryautos', '00f350dually', 125000, 10),
	('luxuryautos', '65c10', 65000, 10),
	('luxuryautos', 'bc78bronco', 55000, 10),
	('luxuryautos', 'bc80silv', 60000, 10),
	('luxuryautos', 'bc97f350q', 58000, 10),
	('luxuryautos', 'bcfabjeep', 165000, 10),
	('luxuryautos', 'bcsportsman', 50000, 10),
	('luxuryautos', 'bcsportsmanm', 50000, 10),
	('luxuryautos', 'bcr1drag', 180000, 10),
	('luxuryautos', 'bcyfz450', 65000, 10),
	('luxuryautos', 'bc91sir', 58000, 10),
	('luxuryautos', 'bcbanshee', 45000, 10),
	('luxuryautos', 'bcbuggyxl', 250000, 10),
	('luxuryautos', 'bcrzrxp', 75000, 10),
	('luxuryautos', 'crawler', 350000, 10),
	('airshop', 'bcls', 340000, 10),
	('airshop', 'bcsm', 440000, 10),
	('airshop', 'pete352custom', 440000, 10),
	('airshop', 'phantomhd', 340000, 10),
	('luxuryautos', 'MHW', 400000, 10),
	('luxuryautos', 'megag1', 67000, 10),
	('luxuryautos', 'twister', 150000, 10),
	('luxuryautos', '4runner', 165000, 10),
	('luxuryautos', '180sx', 80000, 10),
	('luxuryautos', '750iL', 65000, 10),
	('luxuryautos', 'bmci', 138500, 10),
	('luxuryautos', 'boss429', 115000, 10),
	('luxuryautos', 'dawnonyx', 125000, 10),
	('luxuryautos', 'dc5', 37000, 10),
	('luxuryautos', 'delsoleg', 47000, 10),
	('luxuryautos', 'driftram', 74500, 10),
	('luxuryautos', 'evo10', 85000, 10),
	('luxuryautos', 'foxraptor', 135000, 10),
	('luxuryautos', 'g63amg6x6', 185000, 10),
	('luxuryautos', 'lp700', 1700000, 10),
	('luxuryautos', 'mgt', 125000, 10),
	('luxuryautos', 'skyline', 90000, 10),
	('luxuryautos', 'srt2018', 105000, 10),
	('luxuryautos', 'urus', 650000, 10),
	('luxuryautos', 'a90pit', 155000, 10),
	('luxuryautos', 'aone', 900000, 10),
	('luxuryautos', 'ff50', 1050000, 10),
	('luxuryautos', 'foxbentley', 730000, 10),
	('luxuryautos', 'foxcoma', 125000, 10),
	('luxuryautos', 'foxgt2', 1100000, 10),
	('luxuryautos', 'foxharley2', 75000, 10),
	('luxuryautos', 'foxsnt', 55000, 10),
	('luxuryautos', 'AMGGTBS', 375000, 10),
	('luxuryautos', 'rmodchiron300', 1300000, 10),
	('luxuryautos', 'rmodescort', 55000, 10),
	('luxuryautos', 'rmodm8c', 220000, 10),
	('luxuryautos', 'rmodmi8lb', 765000, 10),
	('luxuryautos', 'rmodrover', 235000, 10),
	('luxuryautos', 'rmodrs7', 268000, 10),
	('luxuryautos', 'tonkat', 285000, 10),
	('luxuryautos', 'wazuma', 150000, 10),
	('luxuryautos', 'zentenario', 1250000, 10),
	('luxuryautos', 'blazer21', 35000, 10),
	('luxuryautos', 'chevy67', 55000, 10),
	('luxuryautos', 'impala67', 85000, 10),
	('luxuryautos', 'fox600lt', 1175000, 10),
	('luxuryautos', 'foxc8', 356000, 10),
	('luxuryautos', 'foxelva', 2075000, 10),
	('luxuryautos', 'foxevo', 1200000, 10),
	('luxuryautos', 'foxrossa', 830000, 10),
	('luxuryautos', 'foxsci', 48000, 10),
	('luxuryautos', 'foxshelby', 360000, 10),
	('luxuryautos', 'foxsian', 1300000, 10),
	('luxuryautos', 'gmcev', 300000, 10),
	('luxuryautos', '2NCSM4COMP', 310000, 10),
	('luxuryautos', 'GODz21M3', 180000, 10),
	('luxuryautos', 'GODz75BRONCO', 67000, 10),
	('luxuryautos', 'GODzALPHA', 280000, 10),
	('luxuryautos', 'GODzALPHALFTD', 300000, 10),
	('luxuryautos', 'GODzALPHAOT', 320000, 10),
	('luxuryautos', 'GODzBGD21F150', 130000, 10),
	('luxuryautos', 'GODzC6FD', 430000, 10),
	('luxuryautos', 'GODzCUDA', 140000, 10),
	('luxuryautos', 'GODzDEMONSBLB', 190000, 10),
	('luxuryautos', 'GODzENZO', 950000, 10),
	('luxuryautos', 'GODzFABIH8TOR', 270000, 10),
	('luxuryautos', 'GODzFDVIPER', 310000, 10),
	('luxuryautos', 'GODzLFTD21F150', 180000, 10),
	('luxuryautos', 'GODzR35ZILLA', 350000, 10),
	('luxuryautos', 'GODzROCKETGT900', 260000, 10),
	('luxuryautos', 'GODzS2kCR', 68000, 10),
	('luxuryautos', 'GODzS2kPNDMCR', 95000, 10),
	('luxuryautos', 'GODzS14DRIFT', 145000, 10),
	('luxuryautos', 'GODzSYCLONE', 130000, 10),
	('luxuryautos', 'GODzTYPHOON', 550000, 10),
	('luxuryautos', 'mallcrawl2dr', 78000, 10),
	('luxuryautos', 'limotahoe', 160000, 10),
	('luxuryautos', 'tcninja', 625000, 10),
	('luxuryautos', '19exp', 70000, 10),
	('luxuryautos', '20rampw', 150000, 10),
	('luxuryautos', '21bro', 70000, 10),
	('luxuryautos', '21brooff', 85000, 10),
	('luxuryautos', '21dura', 65000, 10),
	('luxuryautos', '21f150', 190000, 10),
	('luxuryautos', '21f250', 125000, 10),
	('luxuryautos', '21hilux', 85000, 10),
	('luxuryautos', '21hiluxstk', 95000, 10),
	('luxuryautos', '21ltz', 235000, 10),
	('luxuryautos', '21sierra', 175000, 10),
	('luxuryautos', '21subur', 140000, 10),
	('luxuryautos', '3500sd', 150000, 10),
	('luxuryautos', 'at420', 150000, 10),
	('luxuryautos', 'denali18', 115000, 10),
	('luxuryautos', 'f35019', 80000, 10),
	('luxuryautos', 'glad20', 130000, 10),
	('luxuryautos', 'impa6', 34000, 10),
	('luxuryautos', 'm422', 95000, 10),
	('luxuryautos', 'ram1500', 160000, 10),
	('luxuryautos', 'tahoe08', 87000, 10),
	('luxuryautos', 'rmod240sx', 79500, 10),
	('luxuryautos', 'rmodbacalar', 985000, 10),
	('luxuryautos', 'rmodbentley1', 650000, 10),
	('luxuryautos', 'rmodbentleygt', 695000, 10),
	('luxuryautos', 'rmodbugatti', 2195000, 10),
	('luxuryautos', 'rmodcamaro', 238000, 10),
	('luxuryautos', 'rmode63s', 125000, 10),
	('luxuryautos', 'rmodf12tdf', 1050000, 10),
	('luxuryautos', 'rmodf40', 915000, 10),
	('luxuryautos', 'rmodg65', 300000, 10),
	('luxuryautos', 'rmodgt63', 475000, 10),
	('luxuryautos', 'rmodjesko', 950000, 10),
	('luxuryautos', 'rmodlfa', 190000, 10),
	('luxuryautos', 'rmodmk7', 45000, 10),
	('luxuryautos', 'rmodporsche918', 930000, 10),
	('luxuryautos', 'rmodr8c', 260000, 10),
	('luxuryautos', 'rmodsian', 1250000, 10),
	('luxuryautos', 'rmodsianr', 1300000, 10),
	('luxuryautos', 'rmodsuprapandem', 185000, 10),
	('luxuryautos', 'rmodzl1', 800000, 10),
	('luxuryautos', 'sharkf150', 55000, 10),
	('luxuryautos', 'stratumc', 141000, 10),
	('luxuryautos', 'supra2', 145000, 10),
	('luxuryautos', 'f8t', 1100000, 10),
	('luxuryautos', 'ie', 1300000, 10),
	('luxuryautos', 'rmodgtr50', 850000, 10),
	('luxuryautos', 'foxleggera', 330000, 10),
	('luxuryautos', 'GODzCHEVELLEBJ', 145000, 10),
	('luxuryautos', 'rmodcharger69', 125000, 10),
	('luxuryautos', 'hvrod', 110000, 10),
	('luxuryautos', 'dragarger', 125000, 10),
	('luxuryautos', 'gsthoonitron', 1200000, 10),
	('luxuryautos', 'lancerdy', 325000, 10);


CREATE TABLE IF NOT EXISTS `carshop_showroom` (
	`id` INT(11) NOT NULL AUTO_INCREMENT,
	`shop` VARCHAR(50) NOT NULL DEFAULT '' COLLATE 'utf8mb4_general_ci',
	`display` INT(11) NOT NULL,
	`model` VARCHAR(60) NOT NULL DEFAULT ' ' COLLATE 'utf8mb4_general_ci',
	PRIMARY KEY (`id`) USING BTREE,
	UNIQUE INDEX `index` (`display`, `shop`) USING BTREE,
	INDEX `FK_carshop_showroom_carshop_stores` (`shop`) USING BTREE,
	CONSTRAINT `FK_carshop_showroom_carshop_stores` FOREIGN KEY (`shop`) REFERENCES `carshop_stores` (`id`) ON UPDATE CASCADE ON DELETE CASCADE
)
COLLATE='utf8mb4_general_ci'
ENGINE=InnoDB
AUTO_INCREMENT=74
;


ALTER TABLE player_vehicles
ADD	`purchase_price` INT(11) NOT NULL DEFAULT '0',
ADD	`financed` INT(11) NULL DEFAULT '0',
ADD	`last_payment` INT(11) NULL DEFAULT '0',
ADD	`payment_left` INT(11) NULL DEFAULT '0';